dataset|fracitonIncomingEdges|fractionBranches|fractionOutgoingEdges|fractionSelfLoops|isBranchRoot|stateId|task|totalBranches|totalEdges|totalIncomingEdges|totalInteractions|totalOutgoingEdges|totalSelfLoops|userid
birdstrikes1|0.0|0|1.0|0.0|False|0|t1|0|1|0|11|1|0|01
birdstrikes1|0.16666666666666666|0|0.16666666666666666|0.6666666666666666|False|1|t1|0|6|1|11|1|4|01
birdstrikes1|0.2|0|0.0|0.8|False|2|t1|0|5|1|11|0|4|01
birdstrikes1|0.25|1.0|0.5|0.25|True|0|t1|2|4|1|25|2|1|05
birdstrikes1|0.5|0|0.5|0.0|False|1|t1|0|2|1|25|1|0|05
birdstrikes1|0.3333333333333333|0|0.3333333333333333|0.3333333333333333|False|2|t1|0|3|1|25|1|1|05
birdstrikes1|0.5|0|0.5|0.0|False|3|t1|0|2|1|25|1|0|05
birdstrikes1|0.1111111111111111|0|0.1111111111111111|0.7777777777777778|False|4|t1|0|9|1|25|1|7|05
birdstrikes1|0.5|0|0.5|0.0|False|5|t1|0|2|1|25|1|0|05
birdstrikes1|0.5|0|0.5|0.0|False|6|t1|0|2|1|25|1|0|05
birdstrikes1|0.5|0|0.5|0.0|False|7|t1|0|2|1|25|1|0|05
birdstrikes1|0.5|0|0.5|0.0|False|8|t1|0|2|1|25|1|0|05
birdstrikes1|0.5|0|0.5|0.0|False|9|t1|0|2|1|25|1|0|05
birdstrikes1|0.3333333333333333|0|0.16666666666666666|0.5|False|10|t1|0|6|2|25|1|3|05
birdstrikes1|0.3333333333333333|1.0|0.6666666666666666|0.0|True|0|t1|2|3|1|24|2|0|09
birdstrikes1|0.5|1.0|0.5|0.0|True|1|t1|4|8|4|24|4|0|09
birdstrikes1|0.25|0|0.16666666666666666|0.5833333333333334|False|2|t1|0|12|3|24|2|7|09
birdstrikes1|0.4|0|0.4|0.2|False|3|t1|0|5|2|24|2|1|09
birdstrikes1|0.4|0|0.4|0.2|False|4|t1|0|5|2|24|2|1|09
birdstrikes1|0.3333333333333333|0|0.3333333333333333|0.3333333333333333|False|5|t1|0|3|1|24|1|1|09
birdstrikes1|0.0|0|1.0|0.0|False|0|t1|0|1|0|17|1|0|109
birdstrikes1|0.5|0|0.5|0.0|False|1|t1|0|2|1|17|1|0|109
birdstrikes1|0.5|0|0.5|0.0|False|2|t1|0|2|1|17|1|0|109
birdstrikes1|0.5|0|0.5|0.0|False|3|t1|0|2|1|17|1|0|109
birdstrikes1|0.18181818181818182|1.0|0.18181818181818182|0.6363636363636364|True|4|t1|2|11|2|17|2|7|109
birdstrikes1|0.5|0|0.5|0.0|False|5|t1|0|2|1|17|1|0|109
birdstrikes1|0.3333333333333333|0|0.0|0.6666666666666666|False|6|t1|0|3|1|17|0|2|109
birdstrikes1|0.4|1.0|0.6|0.0|True|0|t1|3|5|2|22|3|0|13
birdstrikes1|0.5|0.5|0.5|0.0|True|1|t1|2|8|4|22|4|0|13
birdstrikes1|0.42857142857142855|0|0.42857142857142855|0.14285714285714285|False|2|t1|0|7|3|22|3|1|13
birdstrikes1|0.5|0|0.5|0.0|False|3|t1|0|2|1|22|1|0|13
birdstrikes1|0.5|0|0.5|0.0|False|4|t1|0|2|1|22|1|0|13
birdstrikes1|0.5|0|0.5|0.0|False|5|t1|0|2|1|22|1|0|13
birdstrikes1|0.5|0|0.5|0.0|False|6|t1|0|2|1|22|1|0|13
birdstrikes1|0.5|0|0.5|0.0|False|7|t1|0|2|1|22|1|0|13
birdstrikes1|0.5|0|0.5|0.0|False|8|t1|0|2|1|22|1|0|13
birdstrikes1|0.5|0|0.5|0.0|False|9|t1|0|2|1|22|1|0|13
birdstrikes1|0.5|0|0.5|0.0|False|10|t1|0|2|1|22|1|0|13
birdstrikes1|0.5|0|0.5|0.0|False|11|t1|0|2|1|22|1|0|13
birdstrikes1|0.5|0|0.5|0.0|False|12|t1|0|2|1|22|1|0|13
birdstrikes1|1.0|0|0.0|0.0|False|13|t1|0|1|1|22|0|0|13
birdstrikes1|0.3333333333333333|1.0|0.5|0.16666666666666666|True|0|t1|3|6|2|42|3|1|25
birdstrikes1|0.5|1.0|0.5|0.0|True|1|t1|2|4|2|42|2|0|25
birdstrikes1|0.4|1.0|0.4|0.2|True|2|t1|2|5|2|42|2|1|25
birdstrikes1|0.5|0|0.5|0.0|False|3|t1|0|2|1|42|1|0|25
birdstrikes1|0.3333333333333333|1.0|0.25|0.4166666666666667|True|4|t1|3|12|4|42|3|5|25
birdstrikes1|0.25|0|0.25|0.5|False|5|t1|0|16|4|42|4|8|25
birdstrikes1|0.5|0|0.5|0.0|False|6|t1|0|2|1|42|1|0|25
birdstrikes1|0.5|0|0.5|0.0|False|7|t1|0|2|1|42|1|0|25
birdstrikes1|0.5|0|0.5|0.0|False|8|t1|0|2|1|42|1|0|25
birdstrikes1|0.5|0|0.5|0.0|False|9|t1|0|2|1|42|1|0|25
birdstrikes1|0.5|0|0.5|0.0|False|10|t1|0|2|1|42|1|0|25
birdstrikes1|0.3333333333333333|0|0.3333333333333333|0.3333333333333333|False|11|t1|0|3|1|42|1|1|25
birdstrikes1|0.5|0|0.5|0.0|False|12|t1|0|2|1|42|1|0|25
birdstrikes1|0.5|0|0.5|0.0|False|13|t1|0|2|1|42|1|0|25
birdstrikes1|0.3333333333333333|0|0.3333333333333333|0.3333333333333333|False|14|t1|0|3|1|42|1|1|25
birdstrikes1|0.0|0|1.0|0.0|False|0|t1|0|1|0|2|1|0|29
birdstrikes1|1.0|0|0.0|0.0|False|1|t1|0|1|1|2|0|0|29
birdstrikes1|0.0|0|1.0|0.0|False|0|t1|0|1|0|16|1|0|33
birdstrikes1|0.5|1.0|0.5|0.0|True|1|t1|2|4|2|16|2|0|33
birdstrikes1|0.5|0.6666666666666666|0.5|0.0|True|2|t1|2|6|3|16|3|0|33
birdstrikes1|0.5|0.6666666666666666|0.5|0.0|True|3|t1|2|6|3|16|3|0|33
birdstrikes1|0.25|0|0.125|0.625|False|4|t1|0|8|2|16|1|5|33
birdstrikes1|0.0|0|1.0|0.0|False|0|t1|0|1|0|9|1|0|37
birdstrikes1|0.5|0|0.5|0.0|False|1|t1|0|2|1|9|1|0|37
birdstrikes1|0.3333333333333333|0|0.3333333333333333|0.3333333333333333|False|2|t1|0|3|1|9|1|1|37
birdstrikes1|0.5|0|0.5|0.0|False|3|t1|0|2|1|9|1|0|37
birdstrikes1|0.5|0|0.5|0.0|False|4|t1|0|2|1|9|1|0|37
birdstrikes1|0.3333333333333333|0|0.0|0.6666666666666666|False|5|t1|0|3|1|9|0|2|37
birdstrikes1|0.3333333333333333|1.0|0.6666666666666666|0.0|True|0|t1|2|3|1|27|2|0|53
birdstrikes1|0.5|0|0.5|0.0|False|1|t1|0|2|1|27|1|0|53
birdstrikes1|0.5|0|0.5|0.0|False|2|t1|0|2|1|27|1|0|53
birdstrikes1|0.2|0|0.2|0.6|False|3|t1|0|5|1|27|1|3|53
birdstrikes1|0.3333333333333333|0|0.3333333333333333|0.3333333333333333|False|4|t1|0|3|1|27|1|1|53
birdstrikes1|0.3333333333333333|1.0|0.3333333333333333|0.3333333333333333|True|5|t1|2|6|2|27|2|2|53
birdstrikes1|0.5|1.0|0.5|0.0|True|6|t1|2|4|2|27|2|0|53
birdstrikes1|0.5|0|0.5|0.0|False|7|t1|0|2|1|27|1|0|53
birdstrikes1|0.5|0|0.5|0.0|False|8|t1|0|2|1|27|1|0|53
birdstrikes1|0.5|0|0.5|0.0|False|9|t1|0|2|1|27|1|0|53
birdstrikes1|0.5|0|0.5|0.0|False|10|t1|0|2|1|27|1|0|53
birdstrikes1|0.3333333333333333|0|0.3333333333333333|0.3333333333333333|False|11|t1|0|3|1|27|1|1|53
birdstrikes1|0.5|0|0.5|0.0|False|12|t1|0|2|1|27|1|0|53
birdstrikes1|0.3333333333333333|0|0.3333333333333333|0.3333333333333333|False|13|t1|0|3|1|27|1|1|53
birdstrikes1|0.5|0|0.5|0.0|False|14|t1|0|2|1|27|1|0|53
birdstrikes1|1.0|0|0.0|0.0|False|15|t1|0|1|1|27|0|0|53
birdstrikes1|0.3333333333333333|1.0|0.6666666666666666|0.0|True|0|t1|2|3|1|18|2|0|57
birdstrikes1|0.5|0|0.5|0.0|False|1|t1|0|2|1|18|1|0|57
birdstrikes1|0.5|0|0.5|0.0|False|2|t1|0|2|1|18|1|0|57
birdstrikes1|0.5|0|0.5|0.0|False|3|t1|0|2|1|18|1|0|57
birdstrikes1|0.5|0|0.5|0.0|False|4|t1|0|2|1|18|1|0|57
birdstrikes1|0.08333333333333333|0|0.0|0.9166666666666666|False|5|t1|0|12|1|18|0|11|57
birdstrikes1|0.3333333333333333|1.0|0.6666666666666666|0.0|True|0|t1|2|3|1|57|2|0|61
birdstrikes1|0.4|1.0|0.4|0.2|True|1|t1|2|5|2|57|2|1|61
birdstrikes1|0.375|0.6666666666666666|0.375|0.25|True|2|t1|2|8|3|57|3|2|61
birdstrikes1|0.5|0|0.5|0.0|False|3|t1|0|2|1|57|1|0|61
birdstrikes1|0.16666666666666666|1.0|0.16666666666666666|0.6666666666666666|True|4|t1|2|12|2|57|2|8|61
birdstrikes1|0.09090909090909091|0|0.06060606060606061|0.8484848484848485|False|5|t1|0|33|3|57|2|28|61
birdstrikes1|0.2|0|0.2|0.6|False|6|t1|0|5|1|57|1|3|61
birdstrikes1|0.5|0|0.5|0.0|False|7|t1|0|2|1|57|1|0|61
birdstrikes1|0.0|0|1.0|0.0|False|0|t1|0|1|0|15|1|0|73
birdstrikes1|0.5|0|0.5|0.0|False|1|t1|0|2|1|15|1|0|73
birdstrikes1|0.5|0|0.5|0.0|False|2|t1|0|2|1|15|1|0|73
birdstrikes1|0.5|0|0.5|0.0|False|3|t1|0|2|1|15|1|0|73
birdstrikes1|0.5|0|0.5|0.0|False|4|t1|0|2|1|15|1|0|73
birdstrikes1|0.3333333333333333|0|0.3333333333333333|0.3333333333333333|False|5|t1|0|3|1|15|1|1|73
birdstrikes1|0.5|0|0.5|0.0|False|6|t1|0|2|1|15|1|0|73
birdstrikes1|0.5|0|0.5|0.0|False|7|t1|0|2|1|15|1|0|73
birdstrikes1|0.3333333333333333|0|0.16666666666666666|0.5|False|8|t1|0|6|2|15|1|3|73
birdstrikes1|0.5|0|0.5|0.0|False|9|t1|0|2|1|15|1|0|73
birdstrikes1|0.0|0|1.0|0.0|False|0|t1|0|1|0|13|1|0|77
birdstrikes1|0.5|0|0.5|0.0|False|1|t1|0|2|1|13|1|0|77
birdstrikes1|0.125|0|0.125|0.75|False|2|t1|0|8|1|13|1|6|77
birdstrikes1|0.5|0|0.5|0.0|False|3|t1|0|2|1|13|1|0|77
birdstrikes1|0.3333333333333333|0|0.0|0.6666666666666666|False|4|t1|0|3|1|13|0|2|77
birdstrikes1|0.0|0|1.0|0.0|False|0|t1|0|1|0|17|1|0|81
birdstrikes1|0.5|0|0.5|0.0|False|1|t1|0|2|1|17|1|0|81
birdstrikes1|0.5|0|0.5|0.0|False|2|t1|0|2|1|17|1|0|81
birdstrikes1|0.5|0|0.5|0.0|False|3|t1|0|2|1|17|1|0|81
birdstrikes1|0.08333333333333333|0|0.08333333333333333|0.8333333333333334|False|4|t1|0|12|1|17|1|10|81
birdstrikes1|0.5|0|0.0|0.5|False|5|t1|0|2|1|17|0|1|81
birdstrikes1|0.0|0|1.0|0.0|False|0|t1|0|1|0|2|1|0|85
birdstrikes1|1.0|0|0.0|0.0|False|1|t1|0|1|1|2|0|0|85
birdstrikes1|0.0|0|1.0|0.0|False|0|t1|0|1|0|5|1|0|97
birdstrikes1|0.5|0|0.5|0.0|False|1|t1|0|2|1|5|1|0|97
birdstrikes1|0.5|0|0.5|0.0|False|2|t1|0|2|1|5|1|0|97
birdstrikes1|0.5|0|0.5|0.0|False|3|t1|0|2|1|5|1|0|97
birdstrikes1|1.0|0|0.0|0.0|False|4|t1|0|1|1|5|0|0|97
birdstrikes1|0.0|0|1.0|0.0|False|0|t2|0|1|0|5|1|0|01
birdstrikes1|0.3333333333333333|0|0.3333333333333333|0.3333333333333333|False|1|t2|0|3|1|5|1|1|01
birdstrikes1|0.5|0|0.5|0.0|False|2|t2|0|2|1|5|1|0|01
birdstrikes1|1.0|0|0.0|0.0|False|3|t2|0|1|1|5|0|0|01
birdstrikes1|0.0|0|1.0|0.0|False|0|t2|0|1|0|10|1|0|05
birdstrikes1|0.25|0|0.25|0.5|False|1|t2|0|4|1|10|1|2|05
birdstrikes1|0.25|0|0.25|0.5|False|2|t2|0|4|1|10|1|2|05
birdstrikes1|0.3333333333333333|0|0.0|0.6666666666666666|False|3|t2|0|3|1|10|0|2|05
birdstrikes1|0.42857142857142855|1.0|0.5714285714285714|0.0|True|0|t2|4|7|3|21|4|0|09
birdstrikes1|0.5|1.0|0.5|0.0|True|1|t2|2|4|2|21|2|0|09
birdstrikes1|0.5|0.6666666666666666|0.5|0.0|True|2|t2|2|6|3|21|3|0|09
birdstrikes1|0.42857142857142855|0.6666666666666666|0.42857142857142855|0.14285714285714285|True|3|t2|2|7|3|21|3|1|09
birdstrikes1|0.5|0|0.5|0.0|False|4|t2|0|2|1|21|1|0|09
birdstrikes1|0.5|0|0.5|0.0|False|5|t2|0|2|1|21|1|0|09
birdstrikes1|0.5|0|0.5|0.0|False|6|t2|0|2|1|21|1|0|09
birdstrikes1|0.3333333333333333|0|0.3333333333333333|0.3333333333333333|False|7|t2|0|3|1|21|1|1|09
birdstrikes1|0.5|0|0.5|0.0|False|8|t2|0|2|1|21|1|0|09
birdstrikes1|0.5|0|0.0|0.5|False|9|t2|0|2|1|21|0|1|09
birdstrikes1|0.0|0|1.0|0.0|False|0|t2|0|1|0|17|1|0|109
birdstrikes1|0.5|1.0|0.5|0.0|True|1|t2|3|6|3|17|3|0|109
birdstrikes1|0.2727272727272727|0|0.18181818181818182|0.5454545454545454|False|2|t2|0|11|3|17|2|6|109
birdstrikes1|0.25|0|0.25|0.5|False|3|t2|0|4|1|17|1|2|109
birdstrikes1|0.5|0|0.5|0.0|False|4|t2|0|2|1|17|1|0|109
birdstrikes1|0.3333333333333333|1.0|0.6666666666666666|0.0|True|0|t2|2|3|1|16|2|0|13
birdstrikes1|0.5|0|0.5|0.0|False|1|t2|0|2|1|16|1|0|13
birdstrikes1|0.5|0|0.5|0.0|False|2|t2|0|2|1|16|1|0|13
birdstrikes1|0.08333333333333333|0|0.0|0.9166666666666666|False|3|t2|0|12|1|16|0|11|13
birdstrikes1|0.0|0|1.0|0.0|False|0|t2|0|1|0|10|1|0|25
birdstrikes1|0.3333333333333333|0|0.3333333333333333|0.3333333333333333|False|1|t2|0|3|1|10|1|1|25
birdstrikes1|0.5|0|0.5|0.0|False|2|t2|0|2|1|10|1|0|25
birdstrikes1|0.16666666666666666|0|0.0|0.8333333333333334|False|3|t2|0|6|1|10|0|5|25
birdstrikes1|0.3333333333333333|1.0|0.6666666666666666|0.0|True|0|t2|2|3|1|13|2|0|29
birdstrikes1|0.5|0|0.5|0.0|False|1|t2|0|4|2|13|2|0|29
birdstrikes1|0.5|0|0.5|0.0|False|2|t2|0|2|1|13|1|0|29
birdstrikes1|0.2222222222222222|0|0.1111111111111111|0.6666666666666666|False|3|t2|0|9|2|13|1|6|29
birdstrikes1|0.0|0|1.0|0.0|False|0|t2|0|1|0|27|1|0|33
birdstrikes1|0.5|0|0.5|0.0|False|1|t2|0|2|1|27|1|0|33
birdstrikes1|0.2|0|0.2|0.6|False|2|t2|0|5|1|27|1|3|33
birdstrikes1|0.047619047619047616|0|0.0|0.9523809523809523|False|3|t2|0|21|1|27|0|20|33
birdstrikes1|0.0|0|1.0|0.0|False|0|t2|0|1|0|15|1|0|37
birdstrikes1|0.5|0|0.5|0.0|False|1|t2|0|2|1|15|1|0|37
birdstrikes1|0.3333333333333333|0|0.3333333333333333|0.3333333333333333|False|2|t2|0|3|1|15|1|1|37
birdstrikes1|0.5|0|0.5|0.0|False|3|t2|0|2|1|15|1|0|37
birdstrikes1|0.4|1.0|0.4|0.2|True|4|t2|2|5|2|15|2|1|37
birdstrikes1|0.5|0|0.5|0.0|False|5|t2|0|2|1|15|1|0|37
birdstrikes1|0.5|0|0.5|0.0|False|6|t2|0|2|1|15|1|0|37
birdstrikes1|0.2|0|0.0|0.8|False|7|t2|0|5|1|15|0|4|37
birdstrikes1|0.0|0|1.0|0.0|False|0|t2|0|1|0|11|1|0|53
birdstrikes1|0.5|0|0.5|0.0|False|1|t2|0|2|1|11|1|0|53
birdstrikes1|0.5|0|0.5|0.0|False|2|t2|0|2|1|11|1|0|53
birdstrikes1|0.125|0|0.0|0.875|False|3|t2|0|8|1|11|0|7|53
birdstrikes1|0.0|0|1.0|0.0|False|0|t2|0|1|0|22|1|0|57
birdstrikes1|0.25|0|0.25|0.5|False|1|t2|0|4|1|22|1|2|57
birdstrikes1|0.5|1.0|0.5|0.0|True|2|t2|4|8|4|22|4|0|57
birdstrikes1|0.5|0|0.5|0.0|False|3|t2|0|2|1|22|1|0|57
birdstrikes1|0.5|0.5|0.5|0.0|True|4|t2|2|8|4|22|4|0|57
birdstrikes1|0.2|0|0.1|0.7|False|5|t2|0|10|2|22|1|7|57
birdstrikes1|0.0|0|1.0|0.0|False|0|t2|0|1|0|9|1|0|61
birdstrikes1|0.5|0|0.5|0.0|False|1|t2|0|2|1|9|1|0|61
birdstrikes1|0.5|0|0.5|0.0|False|2|t2|0|2|1|9|1|0|61
birdstrikes1|0.5|0|0.5|0.0|False|3|t2|0|2|1|9|1|0|61
birdstrikes1|0.5|0|0.5|0.0|False|4|t2|0|2|1|9|1|0|61
birdstrikes1|0.25|0|0.0|0.75|False|5|t2|0|4|1|9|0|3|61
birdstrikes1|0.0|0|1.0|0.0|False|0|t2|0|1|0|44|1|0|73
birdstrikes1|0.5|0|0.5|0.0|False|1|t2|0|2|1|44|1|0|73
birdstrikes1|0.1|1.0|0.1|0.8|True|2|t2|2|20|2|44|2|16|73
birdstrikes1|0.5|0|0.5|0.0|False|3|t2|0|2|1|44|1|0|73
birdstrikes1|0.043478260869565216|0|0.0|0.9565217391304348|False|4|t2|0|23|1|44|0|22|73
birdstrikes1|0.0|0|1.0|0.0|False|0|t2|0|1|0|19|1|0|77
birdstrikes1|0.5|0|0.5|0.0|False|1|t2|0|2|1|19|1|0|77
birdstrikes1|0.058823529411764705|0|0.058823529411764705|0.8823529411764706|False|2|t2|0|17|1|19|1|15|77
birdstrikes1|1.0|0|0.0|0.0|False|3|t2|0|1|1|19|0|0|77
birdstrikes1|0.0|0|1.0|0.0|False|0|t2|0|1|0|17|1|0|81
birdstrikes1|0.4444444444444444|1.0|0.4444444444444444|0.1111111111111111|True|1|t2|4|9|4|17|4|1|81
birdstrikes1|0.4|0|0.4|0.2|False|2|t2|0|5|2|17|2|1|81
birdstrikes1|0.5|0|0.5|0.0|False|3|t2|0|2|1|17|1|0|81
birdstrikes1|0.5|0|0.5|0.0|False|4|t2|0|2|1|17|1|0|81
birdstrikes1|0.16666666666666666|0|0.0|0.8333333333333334|False|5|t2|0|6|1|17|0|5|81
birdstrikes1|0.0|0|1.0|0.0|False|0|t2|0|1|0|2|1|0|85
birdstrikes1|1.0|0|0.0|0.0|False|1|t2|0|1|1|2|0|0|85
birdstrikes1|0.0|0|1.0|0.0|False|0|t2|0|1|0|35|1|0|97
birdstrikes1|0.3333333333333333|0|0.3333333333333333|0.3333333333333333|False|1|t2|0|3|1|35|1|1|97
birdstrikes1|0.16666666666666666|1.0|0.1111111111111111|0.7222222222222222|True|2|t2|2|18|3|35|2|13|97
birdstrikes1|0.1111111111111111|0|0.1111111111111111|0.7777777777777778|False|3|t2|0|18|2|35|2|14|97
birdstrikes1|0.0|0|1.0|0.0|False|0|t3|0|1|0|6|1|0|01
birdstrikes1|0.3333333333333333|0|0.3333333333333333|0.3333333333333333|False|1|t3|0|3|1|6|1|1|01
birdstrikes1|0.5|0|0.5|0.0|False|2|t3|0|2|1|6|1|0|01
birdstrikes1|0.5|0|0.5|0.0|False|3|t3|0|2|1|6|1|0|01
birdstrikes1|1.0|0|0.0|0.0|False|4|t3|0|1|1|6|0|0|01
birdstrikes1|0.0|0|1.0|0.0|False|0|t3|0|1|0|25|1|0|05
birdstrikes1|0.5|0|0.5|0.0|False|1|t3|0|2|1|25|1|0|05
birdstrikes1|0.5|0|0.5|0.0|False|2|t3|0|2|1|25|1|0|05
birdstrikes1|0.3333333333333333|0|0.3333333333333333|0.3333333333333333|False|3|t3|0|3|1|25|1|1|05
birdstrikes1|0.5|0|0.5|0.0|False|4|t3|0|2|1|25|1|0|05
birdstrikes1|0.09090909090909091|0|0.09090909090909091|0.8181818181818182|False|5|t3|0|11|1|25|1|9|05
birdstrikes1|0.5|0|0.5|0.0|False|6|t3|0|2|1|25|1|0|05
birdstrikes1|0.25|0|0.125|0.625|False|7|t3|0|8|2|25|1|5|05
birdstrikes1|0.5|0|0.5|0.0|False|8|t3|0|2|1|25|1|0|05
birdstrikes1|0.46153846153846156|1.0|0.5384615384615384|0.0|True|0|t3|7|13|6|20|7|0|09
birdstrikes1|0.5|0|0.5|0.0|False|1|t3|0|6|3|20|3|0|09
birdstrikes1|0.5|0|0.5|0.0|False|2|t3|0|6|3|20|3|0|09
birdstrikes1|0.5|0|0.5|0.0|False|3|t3|0|2|1|20|1|0|09
birdstrikes1|0.25|0|0.25|0.5|False|4|t3|0|4|1|20|1|2|09
birdstrikes1|0.3333333333333333|0|0.0|0.6666666666666666|False|5|t3|0|3|1|20|0|2|09
birdstrikes1|0.0|0|1.0|0.0|False|0|t3|0|1|0|40|1|0|109
birdstrikes1|0.5|1.0|0.5|0.0|True|1|t3|2|4|2|40|2|0|109
birdstrikes1|0.3333333333333333|0|0.3333333333333333|0.3333333333333333|False|2|t3|0|3|1|40|1|1|109
birdstrikes1|0.5|0|0.5|0.0|False|3|t3|0|2|1|40|1|0|109
birdstrikes1|0.5|0|0.5|0.0|False|4|t3|0|4|2|40|2|0|109
birdstrikes1|0.3333333333333333|1.0|0.3333333333333333|0.3333333333333333|True|5|t3|2|6|2|40|2|2|109
birdstrikes1|0.10344827586206896|0|0.06896551724137931|0.8275862068965517|False|6|t3|0|29|3|40|2|24|109
birdstrikes1|0.5|0|0.5|0.0|False|7|t3|0|2|1|40|1|0|109
birdstrikes1|0.4|1.0|0.6|0.0|True|0|t3|3|5|2|21|3|0|13
birdstrikes1|0.25|0|0.25|0.5|False|1|t3|0|4|1|21|1|2|13
birdstrikes1|0.25|0|0.25|0.5|False|2|t3|0|4|1|21|1|2|13
birdstrikes1|0.5|0|0.5|0.0|False|3|t3|0|2|1|21|1|0|13
birdstrikes1|0.5|0|0.5|0.0|False|4|t3|0|2|1|21|1|0|13
birdstrikes1|0.5|0|0.5|0.0|False|5|t3|0|2|1|21|1|0|13
birdstrikes1|0.16666666666666666|0|0.16666666666666666|0.6666666666666666|False|6|t3|0|6|1|21|1|4|13
birdstrikes1|0.25|0|0.0|0.75|False|7|t3|0|4|1|21|0|3|13
birdstrikes1|0.4|1.0|0.6|0.0|True|0|t3|3|5|2|23|3|0|25
birdstrikes1|0.5|0|0.5|0.0|False|1|t3|0|2|1|23|1|0|25
birdstrikes1|0.5|0|0.5|0.0|False|2|t3|0|2|1|23|1|0|25
birdstrikes1|0.5|0|0.5|0.0|False|3|t3|0|2|1|23|1|0|25
birdstrikes1|0.5|0|0.5|0.0|False|4|t3|0|2|1|23|1|0|25
birdstrikes1|0.5|0|0.5|0.0|False|5|t3|0|2|1|23|1|0|25
birdstrikes1|0.2857142857142857|1.0|0.2857142857142857|0.42857142857142855|True|6|t3|2|7|2|23|2|3|25
birdstrikes1|0.4|0|0.4|0.2|False|7|t3|0|5|2|23|2|1|25
birdstrikes1|0.3333333333333333|1.0|0.3333333333333333|0.3333333333333333|True|8|t3|2|6|2|23|2|2|25
birdstrikes1|0.5|0|0.5|0.0|False|9|t3|0|2|1|23|1|0|25
birdstrikes1|0.5|0|0.0|0.5|False|10|t3|0|2|1|23|0|1|25
birdstrikes1|0.0|0|1.0|0.0|False|0|t3|0|1|0|17|1|0|29
birdstrikes1|0.5|0|0.5|0.0|False|1|t3|0|2|1|17|1|0|29
birdstrikes1|0.5|1.0|0.5|0.0|True|2|t3|2|4|2|17|2|0|29
birdstrikes1|0.5|0|0.5|0.0|False|3|t3|0|2|1|17|1|0|29
birdstrikes1|0.16666666666666666|0|0.16666666666666666|0.6666666666666666|False|4|t3|0|6|1|17|1|4|29
birdstrikes1|0.14285714285714285|0|0.0|0.8571428571428571|False|5|t3|0|7|1|17|0|6|29
birdstrikes1|0.0|0|1.0|0.0|False|0|t3|0|1|0|35|1|0|33
birdstrikes1|0.5|0|0.5|0.0|False|1|t3|0|2|1|35|1|0|33
birdstrikes1|0.25|0|0.25|0.5|False|2|t3|0|4|1|35|1|2|33
birdstrikes1|0.16666666666666666|0|0.16666666666666666|0.6666666666666666|False|3|t3|0|6|1|35|1|4|33
birdstrikes1|0.04|0|0.0|0.96|False|4|t3|0|25|1|35|0|24|33
birdstrikes1|0.0|0|1.0|0.0|False|0|t3|0|1|0|11|1|0|37
birdstrikes1|0.5|0|0.5|0.0|False|1|t3|0|2|1|11|1|0|37
birdstrikes1|0.5|0|0.5|0.0|False|2|t3|0|2|1|11|1|0|37
birdstrikes1|0.2857142857142857|1.0|0.2857142857142857|0.42857142857142855|True|3|t3|2|7|2|11|2|3|37
birdstrikes1|0.5|0|0.5|0.0|False|4|t3|0|2|1|11|1|0|37
birdstrikes1|0.5|0|0.0|0.5|False|5|t3|0|2|1|11|0|1|37
birdstrikes1|0.0|0|1.0|0.0|False|0|t3|0|1|0|16|1|0|53
birdstrikes1|0.5|0|0.5|0.0|False|1|t3|0|2|1|16|1|0|53
birdstrikes1|0.5|0|0.5|0.0|False|2|t3|0|2|1|16|1|0|53
birdstrikes1|0.5|0|0.5|0.0|False|3|t3|0|2|1|16|1|0|53
birdstrikes1|0.3|1.0|0.2|0.5|True|4|t3|2|10|3|16|2|5|53
birdstrikes1|0.25|0|0.25|0.5|False|5|t3|0|4|1|16|1|2|53
birdstrikes1|0.5|0|0.5|0.0|False|6|t3|0|2|1|16|1|0|53
birdstrikes1|0.0|0|1.0|0.0|False|0|t3|0|1|0|14|1|0|57
birdstrikes1|0.5|0|0.5|0.0|False|1|t3|0|2|1|14|1|0|57
birdstrikes1|0.25|0|0.25|0.5|False|2|t3|0|4|1|14|1|2|57
birdstrikes1|0.1111111111111111|0|0.0|0.8888888888888888|False|3|t3|0|9|1|14|0|8|57
birdstrikes1|0.0|0|1.0|0.0|False|0|t3|0|1|0|27|1|0|61
birdstrikes1|0.5|0|0.5|0.0|False|1|t3|0|2|1|27|1|0|61
birdstrikes1|0.5|1.0|0.5|0.0|True|2|t3|2|4|2|27|2|0|61
birdstrikes1|0.5|0|0.5|0.0|False|3|t3|0|2|1|27|1|0|61
birdstrikes1|0.3333333333333333|1.0|0.3333333333333333|0.3333333333333333|True|4|t3|2|6|2|27|2|2|61
birdstrikes1|0.15789473684210525|0|0.10526315789473684|0.7368421052631579|False|5|t3|0|19|3|27|2|14|61
birdstrikes1|0.5|0|0.5|0.0|False|6|t3|0|2|1|27|1|0|61
birdstrikes1|0.3333333333333333|1.0|0.6666666666666666|0.0|True|0|t3|2|3|1|19|2|0|73
birdstrikes1|0.5|0|0.5|0.0|False|1|t3|0|2|1|19|1|0|73
birdstrikes1|0.5|0|0.5|0.0|False|2|t3|0|2|1|19|1|0|73
birdstrikes1|0.5|0|0.5|0.0|False|3|t3|0|2|1|19|1|0|73
birdstrikes1|0.3333333333333333|0|0.3333333333333333|0.3333333333333333|False|4|t3|0|3|1|19|1|1|73
birdstrikes1|0.5|0|0.5|0.0|False|5|t3|0|2|1|19|1|0|73
birdstrikes1|0.25|0|0.25|0.5|False|6|t3|0|4|1|19|1|2|73
birdstrikes1|0.16666666666666666|0|0.16666666666666666|0.6666666666666666|False|7|t3|0|6|1|19|1|4|73
birdstrikes1|0.3333333333333333|0|0.0|0.6666666666666666|False|8|t3|0|3|1|19|0|2|73
birdstrikes1|0.4|1.0|0.6|0.0|True|0|t3|3|5|2|37|3|0|77
birdstrikes1|0.3|1.0|0.3|0.4|True|1|t3|3|10|3|37|3|4|77
birdstrikes1|0.5|0|0.5|0.0|False|2|t3|0|2|1|37|1|0|77
birdstrikes1|0.3333333333333333|0|0.3333333333333333|0.3333333333333333|False|3|t3|0|9|3|37|3|3|77
birdstrikes1|0.1875|0|0.1875|0.625|False|4|t3|0|16|3|37|3|10|77
birdstrikes1|0.4|1.0|0.4|0.2|True|5|t3|2|5|2|37|2|1|77
birdstrikes1|0.4|0|0.2|0.4|False|6|t3|0|5|2|37|1|2|77
birdstrikes1|0.0|0|1.0|0.0|False|0|t3|0|1|0|10|1|0|81
birdstrikes1|0.5|0|0.5|0.0|False|1|t3|0|2|1|10|1|0|81
birdstrikes1|0.5|0|0.5|0.0|False|2|t3|0|2|1|10|1|0|81
birdstrikes1|0.5|0|0.5|0.0|False|3|t3|0|2|1|10|1|0|81
birdstrikes1|0.16666666666666666|0|0.0|0.8333333333333334|False|4|t3|0|6|1|10|0|5|81
birdstrikes1|0.3333333333333333|1.0|0.6666666666666666|0.0|True|0|t3|2|3|1|13|2|0|85
birdstrikes1|0.5|0|0.5|0.0|False|1|t3|0|2|1|13|1|0|85
birdstrikes1|0.5|0|0.5|0.0|False|2|t3|0|2|1|13|1|0|85
birdstrikes1|0.2857142857142857|1.0|0.2857142857142857|0.42857142857142855|True|3|t3|2|7|2|13|2|3|85
birdstrikes1|0.5|0|0.5|0.0|False|4|t3|0|2|1|13|1|0|85
birdstrikes1|0.5|0|0.5|0.0|False|5|t3|0|2|1|13|1|0|85
birdstrikes1|0.5|0|0.5|0.0|False|6|t3|0|2|1|13|1|0|85
birdstrikes1|1.0|0|0.0|0.0|False|7|t3|0|1|1|13|0|0|85
birdstrikes1|0.0|0|1.0|0.0|False|0|t3|0|1|0|23|1|0|97
birdstrikes1|0.5|0|0.5|0.0|False|1|t3|0|2|1|23|1|0|97
birdstrikes1|0.2222222222222222|1.0|0.2222222222222222|0.5555555555555556|True|2|t3|2|9|2|23|2|5|97
birdstrikes1|0.3333333333333333|0|0.3333333333333333|0.3333333333333333|False|3|t3|0|3|1|23|1|1|97
birdstrikes1|0.08333333333333333|0|0.0|0.9166666666666666|False|4|t3|0|12|1|23|0|11|97
birdstrikes1|0.0|0|1.0|0.0|False|0|t4|0|1|0|24|1|0|01
birdstrikes1|0.3333333333333333|0|0.3333333333333333|0.3333333333333333|False|1|t4|0|3|1|24|1|1|01
birdstrikes1|0.5|0|0.5|0.0|False|2|t4|0|2|1|24|1|0|01
birdstrikes1|0.3333333333333333|0|0.3333333333333333|0.3333333333333333|False|3|t4|0|3|1|24|1|1|01
birdstrikes1|0.5|0|0.5|0.0|False|4|t4|0|2|1|24|1|0|01
birdstrikes1|0.5|0|0.5|0.0|False|5|t4|0|2|1|24|1|0|01
birdstrikes1|0.5|1.0|0.5|0.0|True|6|t4|2|4|2|24|2|0|01
birdstrikes1|0.5|0|0.5|0.0|False|7|t4|0|2|1|24|1|0|01
birdstrikes1|0.5|0|0.5|0.0|False|8|t4|0|2|1|24|1|0|01
birdstrikes1|0.5|0|0.5|0.0|False|9|t4|0|2|1|24|1|0|01
birdstrikes1|0.5|0|0.5|0.0|False|10|t4|0|2|1|24|1|0|01
birdstrikes1|0.3333333333333333|0|0.3333333333333333|0.3333333333333333|False|11|t4|0|3|1|24|1|1|01
birdstrikes1|0.5|0|0.5|0.0|False|12|t4|0|2|1|24|1|0|01
birdstrikes1|0.4|0|0.4|0.2|False|13|t4|0|5|2|24|2|1|01
birdstrikes1|0.5|0|0.5|0.0|False|14|t4|0|2|1|24|1|0|01
birdstrikes1|0.5|0|0.5|0.0|False|15|t4|0|2|1|24|1|0|01
birdstrikes1|0.5|0|0.5|0.0|False|16|t4|0|2|1|24|1|0|01
birdstrikes1|1.0|0|0.0|0.0|False|17|t4|0|1|1|24|0|0|01
birdstrikes1|0.3333333333333333|1.0|0.6666666666666666|0.0|True|0|t4|2|3|1|37|2|0|05
birdstrikes1|0.5|0|0.5|0.0|False|1|t4|0|2|1|37|1|0|05
birdstrikes1|0.5|0|0.5|0.0|False|2|t4|0|2|1|37|1|0|05
birdstrikes1|0.25|0|0.25|0.5|False|3|t4|0|4|1|37|1|2|05
birdstrikes1|0.2727272727272727|1.0|0.2727272727272727|0.45454545454545453|True|4|t4|3|11|3|37|3|5|05
birdstrikes1|0.3333333333333333|0|0.3333333333333333|0.3333333333333333|False|5|t4|0|3|1|37|1|1|05
birdstrikes1|0.5|0|0.5|0.0|False|6|t4|0|2|1|37|1|0|05
birdstrikes1|0.25|0|0.25|0.5|False|7|t4|0|4|1|37|1|2|05
birdstrikes1|0.2|0|0.2|0.6|False|8|t4|0|5|1|37|1|3|05
birdstrikes1|0.2857142857142857|1.0|0.2857142857142857|0.42857142857142855|True|9|t4|2|7|2|37|2|3|05
birdstrikes1|0.5|0|0.5|0.0|False|10|t4|0|2|1|37|1|0|05
birdstrikes1|0.25|0|0.25|0.5|False|11|t4|0|4|1|37|1|2|05
birdstrikes1|0.3333333333333333|0|0.3333333333333333|0.3333333333333333|False|12|t4|0|3|1|37|1|1|05
birdstrikes1|1.0|0|0.0|0.0|False|13|t4|0|1|1|37|0|0|05
birdstrikes1|0.42857142857142855|1.0|0.5714285714285714|0.0|True|0|t4|4|7|3|38|4|0|09
birdstrikes1|0.5|0|0.5|0.0|False|1|t4|0|2|1|38|1|0|09
birdstrikes1|0.5|0|0.5|0.0|False|2|t4|0|2|1|38|1|0|09
birdstrikes1|0.375|0|0.375|0.25|False|3|t4|0|8|3|38|3|2|09
birdstrikes1|0.5|0|0.5|0.0|False|4|t4|0|2|1|38|1|0|09
birdstrikes1|0.5|0|0.5|0.0|False|5|t4|0|2|1|38|1|0|09
birdstrikes1|0.3333333333333333|0|0.3333333333333333|0.3333333333333333|False|6|t4|0|6|2|38|2|2|09
birdstrikes1|0.5|0|0.5|0.0|False|7|t4|0|2|1|38|1|0|09
birdstrikes1|0.14285714285714285|0|0.14285714285714285|0.7142857142857143|False|8|t4|0|7|1|38|1|5|09
birdstrikes1|0.3333333333333333|0|0.3333333333333333|0.3333333333333333|False|9|t4|0|3|1|38|1|1|09
birdstrikes1|0.25|0|0.25|0.5|False|10|t4|0|4|1|38|1|2|09
birdstrikes1|0.5|0|0.5|0.0|False|11|t4|0|2|1|38|1|0|09
birdstrikes1|0.125|0|0.0|0.875|False|12|t4|0|8|1|38|0|7|09
birdstrikes1|0.2|0|0.2|0.6|False|0|t4|0|5|1|23|1|3|109
birdstrikes1|0.25|0|0.25|0.5|False|1|t4|0|4|1|23|1|2|109
birdstrikes1|0.3333333333333333|1.0|0.3333333333333333|0.3333333333333333|True|2|t4|3|9|3|23|3|3|109
birdstrikes1|0.5|0|0.5|0.0|False|3|t4|0|2|1|23|1|0|109
birdstrikes1|0.16666666666666666|0|0.16666666666666666|0.6666666666666666|False|4|t4|0|6|1|23|1|4|109
birdstrikes1|0.25|0|0.25|0.5|False|5|t4|0|4|1|23|1|2|109
birdstrikes1|0.4|1.0|0.5|0.1|True|0|t4|5|10|4|21|5|1|13
birdstrikes1|0.5|0|0.5|0.0|False|1|t4|0|2|1|21|1|0|13
birdstrikes1|0.5|0|0.5|0.0|False|2|t4|0|2|1|21|1|0|13
birdstrikes1|0.5|0|0.5|0.0|False|3|t4|0|2|1|21|1|0|13
birdstrikes1|0.5|0|0.5|0.0|False|4|t4|0|2|1|21|1|0|13
birdstrikes1|0.5|0|0.5|0.0|False|5|t4|0|2|1|21|1|0|13
birdstrikes1|0.3333333333333333|0|0.3333333333333333|0.3333333333333333|False|6|t4|0|3|1|21|1|1|13
birdstrikes1|0.5|0|0.5|0.0|False|7|t4|0|2|1|21|1|0|13
birdstrikes1|0.5|0|0.5|0.0|False|8|t4|0|2|1|21|1|0|13
birdstrikes1|0.5|0|0.5|0.0|False|9|t4|0|2|1|21|1|0|13
birdstrikes1|0.25|0|0.25|0.5|False|10|t4|0|4|1|21|1|2|13
birdstrikes1|0.5|0|0.0|0.5|False|11|t4|0|2|1|21|0|1|13
birdstrikes1|0.3333333333333333|1.0|0.6666666666666666|0.0|True|0|t4|2|3|1|39|2|0|25
birdstrikes1|0.4|0|0.4|0.2|False|1|t4|0|5|2|39|2|1|25
birdstrikes1|0.5|0|0.5|0.0|False|2|t4|0|2|1|39|1|0|25
birdstrikes1|0.1111111111111111|0|0.1111111111111111|0.7777777777777778|False|3|t4|0|9|1|39|1|7|25
birdstrikes1|0.5|1.0|0.5|0.0|True|4|t4|2|4|2|39|2|0|25
birdstrikes1|0.3333333333333333|0|0.3333333333333333|0.3333333333333333|False|5|t4|0|6|2|39|2|2|25
birdstrikes1|0.5|0|0.5|0.0|False|6|t4|0|2|1|39|1|0|25
birdstrikes1|0.5|0|0.5|0.0|False|7|t4|0|2|1|39|1|0|25
birdstrikes1|0.5|0|0.5|0.0|False|8|t4|0|2|1|39|1|0|25
birdstrikes1|0.5|0|0.5|0.0|False|9|t4|0|2|1|39|1|0|25
birdstrikes1|0.25|0|0.25|0.5|False|10|t4|0|4|1|39|1|2|25
birdstrikes1|0.3333333333333333|0|0.3333333333333333|0.3333333333333333|False|11|t4|0|3|1|39|1|1|25
birdstrikes1|0.5|0|0.5|0.0|False|12|t4|0|2|1|39|1|0|25
birdstrikes1|0.2|0|0.2|0.6|False|13|t4|0|5|1|39|1|3|25
birdstrikes1|0.5|0|0.5|0.0|False|14|t4|0|2|1|39|1|0|25
birdstrikes1|0.3333333333333333|0|0.3333333333333333|0.3333333333333333|False|15|t4|0|3|1|39|1|1|25
birdstrikes1|0.5|0|0.5|0.0|False|16|t4|0|2|1|39|1|0|25
birdstrikes1|1.0|0|0.0|0.0|False|17|t4|0|1|1|39|0|0|25
birdstrikes1|0.3333333333333333|1.0|0.6666666666666666|0.0|True|0|t4|2|3|1|28|2|0|29
birdstrikes1|0.3333333333333333|0|0.3333333333333333|0.3333333333333333|False|1|t4|0|3|1|28|1|1|29
birdstrikes1|0.5|0|0.5|0.0|False|2|t4|0|2|1|28|1|0|29
birdstrikes1|0.5|0|0.5|0.0|False|3|t4|0|2|1|28|1|0|29
birdstrikes1|0.5|0|0.5|0.0|False|4|t4|0|2|1|28|1|0|29
birdstrikes1|0.2|0|0.2|0.6|False|5|t4|0|5|1|28|1|3|29
birdstrikes1|0.38461538461538464|1.0|0.38461538461538464|0.23076923076923078|True|6|t4|5|13|5|28|5|3|29
birdstrikes1|0.5|0|0.5|0.0|False|7|t4|0|2|1|28|1|0|29
birdstrikes1|0.25|0|0.25|0.5|False|8|t4|0|4|1|28|1|2|29
birdstrikes1|0.5|0|0.5|0.0|False|9|t4|0|2|1|28|1|0|29
birdstrikes1|0.3333333333333333|0|0.3333333333333333|0.3333333333333333|False|10|t4|0|3|1|28|1|1|29
birdstrikes1|0.5|0|0.0|0.5|False|11|t4|0|2|1|28|0|1|29
birdstrikes1|0.4444444444444444|1.0|0.5555555555555556|0.0|True|0|t4|5|9|4|44|5|0|33
birdstrikes1|0.5|0|0.5|0.0|False|1|t4|0|2|1|44|1|0|33
birdstrikes1|0.2|0|0.2|0.6|False|2|t4|0|5|1|44|1|3|33
birdstrikes1|0.25|0|0.25|0.5|False|3|t4|0|4|1|44|1|2|33
birdstrikes1|0.5|0|0.5|0.0|False|4|t4|0|2|1|44|1|0|33
birdstrikes1|0.5|0|0.5|0.0|False|5|t4|0|2|1|44|1|0|33
birdstrikes1|0.16666666666666666|0|0.16666666666666666|0.6666666666666666|False|6|t4|0|6|1|44|1|4|33
birdstrikes1|0.25|0|0.25|0.5|False|7|t4|0|4|1|44|1|2|33
birdstrikes1|0.2|0|0.2|0.6|False|8|t4|0|5|1|44|1|3|33
birdstrikes1|0.5|0|0.5|0.0|False|9|t4|0|4|2|44|2|0|33
birdstrikes1|0.4|1.0|0.4|0.2|True|10|t4|4|10|4|44|4|2|33
birdstrikes1|0.3333333333333333|0|0.25|0.4166666666666667|False|11|t4|0|12|4|44|3|5|33
birdstrikes1|0.0|0|1.0|0.0|False|0|t4|0|1|0|41|1|0|37
birdstrikes1|0.5|0|0.5|0.0|False|1|t4|0|2|1|41|1|0|37
birdstrikes1|0.5|1.0|0.5|0.0|True|2|t4|3|6|3|41|3|0|37
birdstrikes1|0.5|0|0.5|0.0|False|3|t4|0|2|1|41|1|0|37
birdstrikes1|0.5|0|0.5|0.0|False|4|t4|0|2|1|41|1|0|37
birdstrikes1|0.5|1.0|0.5|0.0|True|5|t4|2|4|2|41|2|0|37
birdstrikes1|0.2727272727272727|0.6666666666666666|0.2727272727272727|0.45454545454545453|True|6|t4|2|11|3|41|3|5|37
birdstrikes1|0.5|0|0.5|0.0|False|7|t4|0|2|1|41|1|0|37
birdstrikes1|0.5|0|0.5|0.0|False|8|t4|0|4|2|41|2|0|37
birdstrikes1|0.5|0|0.5|0.0|False|9|t4|0|2|1|41|1|0|37
birdstrikes1|0.5|0|0.5|0.0|False|10|t4|0|2|1|41|1|0|37
birdstrikes1|0.5|0|0.5|0.0|False|11|t4|0|2|1|41|1|0|37
birdstrikes1|0.5|0|0.5|0.0|False|12|t4|0|2|1|41|1|0|37
birdstrikes1|0.5|0|0.5|0.0|False|13|t4|0|2|1|41|1|0|37
birdstrikes1|0.5|0|0.5|0.0|False|14|t4|0|2|1|41|1|0|37
birdstrikes1|0.5|0|0.5|0.0|False|15|t4|0|2|1|41|1|0|37
birdstrikes1|0.5|0|0.5|0.0|False|16|t4|0|2|1|41|1|0|37
birdstrikes1|0.5|0|0.5|0.0|False|17|t4|0|2|1|41|1|0|37
birdstrikes1|0.5|0|0.5|0.0|False|18|t4|0|2|1|41|1|0|37
birdstrikes1|0.5|0|0.5|0.0|False|19|t4|0|2|1|41|1|0|37
birdstrikes1|0.5|0|0.5|0.0|False|20|t4|0|2|1|41|1|0|37
birdstrikes1|0.5|0|0.5|0.0|False|21|t4|0|2|1|41|1|0|37
birdstrikes1|0.5|0|0.5|0.0|False|22|t4|0|2|1|41|1|0|37
birdstrikes1|0.5|0|0.5|0.0|False|23|t4|0|2|1|41|1|0|37
birdstrikes1|0.5|0|0.5|0.0|False|24|t4|0|2|1|41|1|0|37
birdstrikes1|0.3333333333333333|0|0.3333333333333333|0.3333333333333333|False|25|t4|0|3|1|41|1|1|37
birdstrikes1|0.3333333333333333|0|0.0|0.6666666666666666|False|26|t4|0|3|1|41|0|2|37
birdstrikes1|0.0|0|1.0|0.0|False|0|t4|0|1|0|24|1|0|53
birdstrikes1|0.5|0|0.5|0.0|False|1|t4|0|2|1|24|1|0|53
birdstrikes1|0.5|0|0.5|0.0|False|2|t4|0|2|1|24|1|0|53
birdstrikes1|0.5|0|0.5|0.0|False|3|t4|0|2|1|24|1|0|53
birdstrikes1|0.5|0|0.5|0.0|False|4|t4|0|2|1|24|1|0|53
birdstrikes1|0.5|0|0.5|0.0|False|5|t4|0|2|1|24|1|0|53
birdstrikes1|0.25|1.0|0.25|0.5|True|6|t4|2|8|2|24|2|4|53
birdstrikes1|0.4|1.0|0.4|0.2|True|7|t4|2|5|2|24|2|1|53
birdstrikes1|0.3333333333333333|0|0.3333333333333333|0.3333333333333333|False|8|t4|0|3|1|24|1|1|53
birdstrikes1|0.5|0|0.5|0.0|False|9|t4|0|2|1|24|1|0|53
birdstrikes1|0.5|0|0.5|0.0|False|10|t4|0|2|1|24|1|0|53
birdstrikes1|0.5|0|0.5|0.0|False|11|t4|0|2|1|24|1|0|53
birdstrikes1|0.5|0|0.5|0.0|False|12|t4|0|2|1|24|1|0|53
birdstrikes1|0.5|0|0.5|0.0|False|13|t4|0|2|1|24|1|0|53
birdstrikes1|0.5|0|0.5|0.0|False|14|t4|0|2|1|24|1|0|53
birdstrikes1|1.0|0|0.0|0.0|False|15|t4|0|1|1|24|0|0|53
birdstrikes1|0.3333333333333333|1.0|0.6666666666666666|0.0|True|0|t4|2|3|1|31|2|0|57
birdstrikes1|0.5|0|0.5|0.0|False|1|t4|0|2|1|31|1|0|57
birdstrikes1|0.3333333333333333|0|0.3333333333333333|0.3333333333333333|False|2|t4|0|3|1|31|1|1|57
birdstrikes1|0.16666666666666666|0|0.16666666666666666|0.6666666666666666|False|3|t4|0|6|1|31|1|4|57
birdstrikes1|0.2|1.0|0.2|0.6|True|4|t4|2|10|2|31|2|6|57
birdstrikes1|0.5|0|0.5|0.0|False|5|t4|0|2|1|31|1|0|57
birdstrikes1|0.4|0|0.4|0.2|False|6|t4|0|5|2|31|2|1|57
birdstrikes1|0.5|0|0.5|0.0|False|7|t4|0|2|1|31|1|0|57
birdstrikes1|0.5|0|0.5|0.0|False|8|t4|0|2|1|31|1|0|57
birdstrikes1|0.4|1.0|0.4|0.2|True|9|t4|2|5|2|31|2|1|57
birdstrikes1|0.5|0|0.5|0.0|False|10|t4|0|2|1|31|1|0|57
birdstrikes1|0.5|0|0.25|0.25|False|11|t4|0|4|2|31|1|1|57
birdstrikes1|0.14285714285714285|0|0.14285714285714285|0.7142857142857143|False|0|t4|0|7|1|14|1|5|61
birdstrikes1|0.125|0|0.125|0.75|False|1|t4|0|8|1|14|1|6|61
birdstrikes1|0.0|0|1.0|0.0|False|0|t4|0|1|0|36|1|0|73
birdstrikes1|0.5|0|0.5|0.0|False|1|t4|0|2|1|36|1|0|73
birdstrikes1|0.5|0|0.5|0.0|False|2|t4|0|2|1|36|1|0|73
birdstrikes1|0.5|0|0.5|0.0|False|3|t4|0|2|1|36|1|0|73
birdstrikes1|0.5|0|0.5|0.0|False|4|t4|0|2|1|36|1|0|73
birdstrikes1|0.3333333333333333|0|0.3333333333333333|0.3333333333333333|False|5|t4|0|3|1|36|1|1|73
birdstrikes1|0.5|1.0|0.5|0.0|True|6|t4|2|4|2|36|2|0|73
birdstrikes1|0.3333333333333333|0|0.3333333333333333|0.3333333333333333|False|7|t4|0|3|1|36|1|1|73
birdstrikes1|0.5|0|0.5|0.0|False|8|t4|0|2|1|36|1|0|73
birdstrikes1|0.25|0|0.25|0.5|False|9|t4|0|4|1|36|1|2|73
birdstrikes1|0.3333333333333333|0|0.3333333333333333|0.3333333333333333|False|10|t4|0|3|1|36|1|1|73
birdstrikes1|0.5|0|0.5|0.0|False|11|t4|0|2|1|36|1|0|73
birdstrikes1|0.3333333333333333|1.0|0.3333333333333333|0.3333333333333333|True|12|t4|2|6|2|36|2|2|73
birdstrikes1|0.5|0|0.5|0.0|False|13|t4|0|2|1|36|1|0|73
birdstrikes1|0.5|0|0.5|0.0|False|14|t4|0|2|1|36|1|0|73
birdstrikes1|0.16666666666666666|0|0.16666666666666666|0.6666666666666666|False|15|t4|0|6|1|36|1|4|73
birdstrikes1|0.5|0|0.5|0.0|False|16|t4|0|2|1|36|1|0|73
birdstrikes1|0.5|0|0.5|0.0|False|17|t4|0|2|1|36|1|0|73
birdstrikes1|0.5|0|0.5|0.0|False|18|t4|0|2|1|36|1|0|73
birdstrikes1|0.5|0|0.5|0.0|False|19|t4|0|2|1|36|1|0|73
birdstrikes1|0.5|0|0.5|0.0|False|20|t4|0|2|1|36|1|0|73
birdstrikes1|0.5|0|0.0|0.5|False|21|t4|0|2|1|36|0|1|73
birdstrikes1|0.0|0|1.0|0.0|False|0|t4|0|1|0|40|1|0|77
birdstrikes1|0.5|1.0|0.5|0.0|True|1|t4|5|10|5|40|5|0|77
birdstrikes1|0.14285714285714285|0|0.14285714285714285|0.7142857142857143|False|2|t4|0|14|2|40|2|10|77
birdstrikes1|0.3333333333333333|0|0.3333333333333333|0.3333333333333333|False|3|t4|0|6|2|40|2|2|77
birdstrikes1|0.1|0|0.1|0.8|False|4|t4|0|10|1|40|1|8|77
birdstrikes1|0.2|0|0.2|0.6|False|5|t4|0|5|1|40|1|3|77
birdstrikes1|0.5|0|0.5|0.0|False|6|t4|0|2|1|40|1|0|77
birdstrikes1|0.3333333333333333|0|0.3333333333333333|0.3333333333333333|False|7|t4|0|3|1|40|1|1|77
birdstrikes1|0.5|0|0.0|0.5|False|8|t4|0|2|1|40|0|1|77
birdstrikes1|0.4|1.0|0.6|0.0|True|0|t4|3|5|2|22|3|0|81
birdstrikes1|0.3333333333333333|0|0.3333333333333333|0.3333333333333333|False|1|t4|0|3|1|22|1|1|81
birdstrikes1|0.5|0|0.5|0.0|False|2|t4|0|2|1|22|1|0|81
birdstrikes1|0.25|0|0.25|0.5|False|3|t4|0|4|1|22|1|2|81
birdstrikes1|0.25|0|0.25|0.5|False|4|t4|0|4|1|22|1|2|81
birdstrikes1|0.3333333333333333|0|0.3333333333333333|0.3333333333333333|False|5|t4|0|3|1|22|1|1|81
birdstrikes1|0.5|0|0.5|0.0|False|6|t4|0|2|1|22|1|0|81
birdstrikes1|0.5|0|0.5|0.0|False|7|t4|0|2|1|22|1|0|81
birdstrikes1|0.5|1.0|0.3333333333333333|0.16666666666666666|True|8|t4|2|6|3|22|2|1|81
birdstrikes1|0.5|0|0.5|0.0|False|9|t4|0|4|2|22|2|0|81
birdstrikes1|0.42857142857142855|1.0|0.5714285714285714|0.0|True|0|t4|4|7|3|31|4|0|85
birdstrikes1|0.5|0|0.5|0.0|False|1|t4|0|4|2|31|2|0|85
birdstrikes1|0.5|0|0.5|0.0|False|2|t4|0|2|1|31|1|0|85
birdstrikes1|0.2|0|0.2|0.6|False|3|t4|0|5|1|31|1|3|85
birdstrikes1|0.5|0|0.5|0.0|False|4|t4|0|2|1|31|1|0|85
birdstrikes1|0.5|0|0.5|0.0|False|5|t4|0|2|1|31|1|0|85
birdstrikes1|0.5|0|0.5|0.0|False|6|t4|0|2|1|31|1|0|85
birdstrikes1|0.16666666666666666|0|0.16666666666666666|0.6666666666666666|False|7|t4|0|6|1|31|1|4|85
birdstrikes1|0.5|0|0.5|0.0|False|8|t4|0|2|1|31|1|0|85
birdstrikes1|0.5|0|0.5|0.0|False|9|t4|0|2|1|31|1|0|85
birdstrikes1|0.1|0|0.0|0.9|False|10|t4|0|10|1|31|0|9|85
birdstrikes1|0.0|0|1.0|0.0|False|0|t4|0|1|0|26|1|0|97
birdstrikes1|0.5|0|0.5|0.0|False|1|t4|0|2|1|26|1|0|97
birdstrikes1|0.4|1.0|0.4|0.2|True|2|t4|2|5|2|26|2|1|97
birdstrikes1|0.2|0|0.2|0.6|False|3|t4|0|5|1|26|1|3|97
birdstrikes1|0.5|0|0.5|0.0|False|4|t4|0|2|1|26|1|0|97
birdstrikes1|0.14285714285714285|0|0.14285714285714285|0.7142857142857143|False|5|t4|0|7|1|26|1|5|97
birdstrikes1|0.3333333333333333|0|0.3333333333333333|0.3333333333333333|False|6|t4|0|3|1|26|1|1|97
birdstrikes1|0.25|0|0.25|0.5|False|7|t4|0|4|1|26|1|2|97
birdstrikes1|0.5|0|0.5|0.0|False|8|t4|0|2|1|26|1|0|97
birdstrikes1|0.5|0|0.5|0.0|False|9|t4|0|2|1|26|1|0|97
birdstrikes1|0.5|0|0.5|0.0|False|10|t4|0|2|1|26|1|0|97
birdstrikes1|0.5|0|0.0|0.5|False|11|t4|0|2|1|26|0|1|97
weather1|0.0|0|1.0|0.0|False|0|t1|0|1|0|17|1|0|01
weather1|0.5|0|0.5|0.0|False|1|t1|0|2|1|17|1|0|01
weather1|0.5|0|0.5|0.0|False|2|t1|0|2|1|17|1|0|01
weather1|0.5|0|0.5|0.0|False|3|t1|0|2|1|17|1|0|01
weather1|0.2222222222222222|1.0|0.2222222222222222|0.5555555555555556|True|4|t1|2|9|2|17|2|5|01
weather1|0.3333333333333333|0|0.3333333333333333|0.3333333333333333|False|5|t1|0|3|1|17|1|1|01
weather1|0.5|0|0.5|0.0|False|6|t1|0|2|1|17|1|0|01
weather1|0.6666666666666666|0|0.3333333333333333|0.0|False|7|t1|0|3|2|17|1|0|01
weather1|0.5|0|0.5|0.0|False|8|t1|0|2|1|17|1|0|01
weather1|0.3333333333333333|1.0|0.6666666666666666|0.0|True|0|t1|2|3|1|37|2|0|05
weather1|0.25|0|0.25|0.5|False|1|t1|0|4|1|37|1|2|05
weather1|0.3333333333333333|0|0.3333333333333333|0.3333333333333333|False|2|t1|0|3|1|37|1|1|05
weather1|0.3333333333333333|0|0.3333333333333333|0.3333333333333333|False|3|t1|0|3|1|37|1|1|05
weather1|0.2727272727272727|1.0|0.2727272727272727|0.45454545454545453|True|4|t1|3|11|3|37|3|5|05
weather1|0.5|0.6666666666666666|0.5|0.0|True|5|t1|2|6|3|37|3|0|05
weather1|0.5|0|0.5|0.0|False|6|t1|0|4|2|37|2|0|05
weather1|0.5|0|0.5|0.0|False|7|t1|0|2|1|37|1|0|05
weather1|0.2|0|0.2|0.6|False|8|t1|0|5|1|37|1|3|05
weather1|0.1|0|0.0|0.9|False|9|t1|0|10|1|37|0|9|05
weather1|0.5|1.0|0.5|0.0|True|0|t1|3|6|3|13|3|0|113
weather1|0.5|0|0.5|0.0|False|1|t1|0|2|1|13|1|0|113
weather1|0.3333333333333333|0|0.3333333333333333|0.3333333333333333|False|2|t1|0|3|1|13|1|1|113
weather1|0.5|1.0|0.5|0.0|True|3|t1|2|4|2|13|2|0|113
weather1|0.5|0|0.5|0.0|False|4|t1|0|4|2|13|2|0|113
weather1|0.5|0|0.5|0.0|False|5|t1|0|2|1|13|1|0|113
weather1|0.5|0|0.5|0.0|False|6|t1|0|2|1|13|1|0|113
weather1|0.3333333333333333|1.0|0.6666666666666666|0.0|True|0|t1|2|3|1|25|2|0|117
weather1|0.3333333333333333|1.0|0.3333333333333333|0.3333333333333333|True|1|t1|2|6|2|25|2|2|117
weather1|0.5|0|0.5|0.0|False|2|t1|0|2|1|25|1|0|117
weather1|0.5|1.0|0.5|0.0|True|3|t1|2|4|2|25|2|0|117
weather1|0.2857142857142857|0|0.2857142857142857|0.42857142857142855|False|4|t1|0|7|2|25|2|3|117
weather1|0.2|0|0.2|0.6|False|5|t1|0|5|1|25|1|3|117
weather1|0.5|0|0.5|0.0|False|6|t1|0|2|1|25|1|0|117
weather1|0.5|0|0.5|0.0|False|7|t1|0|2|1|25|1|0|117
weather1|0.5|0|0.25|0.25|False|8|t1|0|4|2|25|1|1|117
weather1|0.5|0|0.5|0.0|False|9|t1|0|2|1|25|1|0|117
weather1|0.5|0|0.5|0.0|False|10|t1|0|2|1|25|1|0|117
weather1|0.0|0|1.0|0.0|False|0|t1|0|1|0|12|1|0|21
weather1|0.5|0|0.5|0.0|False|1|t1|0|2|1|12|1|0|21
weather1|0.5|0|0.5|0.0|False|2|t1|0|2|1|12|1|0|21
weather1|0.5|0|0.5|0.0|False|3|t1|0|2|1|12|1|0|21
weather1|0.2857142857142857|0|0.14285714285714285|0.5714285714285714|False|4|t1|0|7|2|12|1|4|21
weather1|0.3333333333333333|0|0.3333333333333333|0.3333333333333333|False|5|t1|0|3|1|12|1|1|21
weather1|0.0|0|1.0|0.0|False|0|t1|0|1|0|13|1|0|25
weather1|0.5|0|0.5|0.0|False|1|t1|0|2|1|13|1|0|25
weather1|0.5|0|0.5|0.0|False|2|t1|0|2|1|13|1|0|25
weather1|0.5|1.0|0.5|0.0|True|3|t1|2|4|2|13|2|0|25
weather1|0.25|0|0.25|0.5|False|4|t1|0|4|1|13|1|2|25
weather1|0.6666666666666666|0|0.3333333333333333|0.0|False|5|t1|0|3|2|13|1|0|25
weather1|0.25|0|0.25|0.5|False|6|t1|0|4|1|13|1|2|25
weather1|0.0|0|0.0|1.0|False|0|t1|0|2|0|3|0|2|29
weather1|0.0|0|1.0|0.0|False|0|t1|0|1|0|28|1|0|41
weather1|0.5|1.0|0.5|0.0|True|1|t1|2|4|2|28|2|0|41
weather1|0.25|1.0|0.25|0.5|True|2|t1|2|8|2|28|2|4|41
weather1|0.5|0|0.5|0.0|False|3|t1|0|2|1|28|1|0|41
weather1|0.5|0|0.5|0.0|False|4|t1|0|2|1|28|1|0|41
weather1|0.5|0|0.25|0.25|False|5|t1|0|4|2|28|1|1|41
weather1|0.16666666666666666|0|0.16666666666666666|0.6666666666666666|False|6|t1|0|6|1|28|1|4|41
weather1|0.5|0|0.5|0.0|False|7|t1|0|2|1|28|1|0|41
weather1|0.5|0|0.5|0.0|False|8|t1|0|2|1|28|1|0|41
weather1|0.5|0|0.5|0.0|False|9|t1|0|2|1|28|1|0|41
weather1|0.5|0|0.5|0.0|False|10|t1|0|2|1|28|1|0|41
weather1|0.5|0|0.5|0.0|False|11|t1|0|2|1|28|1|0|41
weather1|0.5|0|0.5|0.0|False|12|t1|0|2|1|28|1|0|41
weather1|0.5|0|0.5|0.0|False|13|t1|0|2|1|28|1|0|41
weather1|0.3333333333333333|0|0.3333333333333333|0.3333333333333333|False|14|t1|0|3|1|28|1|1|41
weather1|0.0|0|1.0|0.0|False|0|t1|0|1|0|16|1|0|45
weather1|0.5|1.0|0.5|0.0|True|1|t1|2|4|2|16|2|0|45
weather1|0.5|1.0|0.5|0.0|True|2|t1|2|4|2|16|2|0|45
weather1|0.5|0|0.5|0.0|False|3|t1|0|4|2|16|2|0|45
weather1|0.5|0|0.5|0.0|False|4|t1|0|2|1|16|1|0|45
weather1|0.5|0|0.5|0.0|False|5|t1|0|2|1|16|1|0|45
weather1|0.3333333333333333|0|0.3333333333333333|0.3333333333333333|False|6|t1|0|3|1|16|1|1|45
weather1|0.5|0|0.5|0.0|False|7|t1|0|2|1|16|1|0|45
weather1|0.5|0|0.5|0.0|False|8|t1|0|2|1|16|1|0|45
weather1|0.5|0|0.5|0.0|False|9|t1|0|2|1|16|1|0|45
weather1|0.5|0|0.0|0.5|False|10|t1|0|2|1|16|0|1|45
weather1|0.0|0|0.3333333333333333|0.6666666666666666|False|0|t1|0|3|0|32|1|2|53
weather1|0.5|0|0.5|0.0|False|1|t1|0|2|1|32|1|0|53
weather1|0.3333333333333333|1.0|0.3333333333333333|0.3333333333333333|True|2|t1|2|6|2|32|2|2|53
weather1|0.26666666666666666|0.75|0.26666666666666666|0.4666666666666667|True|3|t1|3|15|4|32|4|7|53
weather1|0.4|0|0.4|0.2|False|4|t1|0|5|2|32|2|1|53
weather1|0.3333333333333333|0|0.3333333333333333|0.3333333333333333|False|5|t1|0|3|1|32|1|1|53
weather1|0.5|0|0.5|0.0|False|6|t1|0|2|1|32|1|0|53
weather1|0.4|0|0.4|0.2|False|7|t1|0|5|2|32|2|1|53
weather1|0.3333333333333333|0|0.3333333333333333|0.3333333333333333|False|8|t1|0|3|1|32|1|1|53
weather1|0.5|0|0.0|0.5|False|9|t1|0|2|1|32|0|1|53
weather1|0.0|0|1.0|0.0|False|0|t1|0|1|0|9|1|0|65
weather1|0.5|0|0.5|0.0|False|1|t1|0|2|1|9|1|0|65
weather1|0.3333333333333333|0|0.3333333333333333|0.3333333333333333|False|2|t1|0|3|1|9|1|1|65
weather1|0.5|0|0.5|0.0|False|3|t1|0|2|1|9|1|0|65
weather1|0.5|0|0.5|0.0|False|4|t1|0|2|1|9|1|0|65
weather1|0.3333333333333333|0|0.0|0.6666666666666666|False|5|t1|0|3|1|9|0|2|65
weather1|0.3333333333333333|1.0|0.5|0.16666666666666666|True|0|t1|3|6|2|19|3|1|69
weather1|0.2|0|0.2|0.6|False|1|t1|0|5|1|19|1|3|69
weather1|0.5|0|0.5|0.0|False|2|t1|0|2|1|19|1|0|69
weather1|0.5|0|0.5|0.0|False|3|t1|0|2|1|19|1|0|69
weather1|0.4|0|0.4|0.2|False|4|t1|0|5|2|19|2|1|69
weather1|0.5|0|0.25|0.25|False|5|t1|0|4|2|19|1|1|69
weather1|0.5|0|0.5|0.0|False|6|t1|0|2|1|19|1|0|69
weather1|0.5|0|0.5|0.0|False|7|t1|0|2|1|19|1|0|69
weather1|0.5|0|0.5|0.0|False|8|t1|0|2|1|19|1|0|69
weather1|0.0|0|1.0|0.0|False|0|t1|0|1|0|21|1|0|73
weather1|0.5|0|0.5|0.0|False|1|t1|0|2|1|21|1|0|73
weather1|0.5|0|0.5|0.0|False|2|t1|0|2|1|21|1|0|73
weather1|0.5|0|0.5|0.0|False|3|t1|0|2|1|21|1|0|73
weather1|0.1111111111111111|0|0.1111111111111111|0.7777777777777778|False|4|t1|0|9|1|21|1|7|73
weather1|0.5|0|0.5|0.0|False|5|t1|0|2|1|21|1|0|73
weather1|0.5|0|0.5|0.0|False|6|t1|0|2|1|21|1|0|73
weather1|0.5|0|0.5|0.0|False|7|t1|0|2|1|21|1|0|73
weather1|0.5|0|0.5|0.0|False|8|t1|0|2|1|21|1|0|73
weather1|0.25|0|0.25|0.5|False|9|t1|0|4|1|21|1|2|73
weather1|0.5|0|0.0|0.5|False|10|t1|0|2|1|21|0|1|73
weather1|0.0|0|1.0|0.0|False|0|t1|0|1|0|2|1|0|77
weather1|1.0|0|0.0|0.0|False|1|t1|0|1|1|2|0|0|77
weather1|0.0|0|1.0|0.0|False|0|t1|0|1|0|16|1|0|93
weather1|0.25|0|0.25|0.5|False|1|t1|0|4|1|16|1|2|93
weather1|0.25|0|0.25|0.5|False|2|t1|0|4|1|16|1|2|93
weather1|0.5|0|0.5|0.0|False|3|t1|0|2|1|16|1|0|93
weather1|0.2|0|0.2|0.6|False|4|t1|0|5|1|16|1|3|93
weather1|0.5|0|0.5|0.0|False|5|t1|0|2|1|16|1|0|93
weather1|0.3333333333333333|0|0.0|0.6666666666666666|False|6|t1|0|3|1|16|0|2|93
weather1|0.0|0|1.0|0.0|False|0|t1|0|1|0|9|1|0|97
weather1|0.5|0|0.5|0.0|False|1|t1|0|2|1|9|1|0|97
weather1|0.5|0|0.5|0.0|False|2|t1|0|2|1|9|1|0|97
weather1|0.5|0|0.5|0.0|False|3|t1|0|2|1|9|1|0|97
weather1|0.2|0|0.0|0.8|False|4|t1|0|5|1|9|0|4|97
weather1|0.0|0|1.0|0.0|False|0|t2|0|1|0|25|1|0|01
weather1|0.5|0|0.5|0.0|False|1|t2|0|2|1|25|1|0|01
weather1|0.06666666666666667|0|0.06666666666666667|0.8666666666666667|False|2|t2|0|15|1|25|1|13|01
weather1|0.4|1.0|0.4|0.2|True|3|t2|2|5|2|25|2|1|01
weather1|0.3333333333333333|0|0.3333333333333333|0.3333333333333333|False|4|t2|0|6|2|25|2|2|01
weather1|0.5|0|0.0|0.5|False|5|t2|0|2|1|25|0|1|01
weather1|0.0|0|1.0|0.0|False|0|t2|0|1|0|28|1|0|05
weather1|0.5|0|0.5|0.0|False|1|t2|0|2|1|28|1|0|05
weather1|0.25|0|0.25|0.5|False|2|t2|0|4|1|28|1|2|05
weather1|0.08333333333333333|0|0.08333333333333333|0.8333333333333334|False|3|t2|0|12|1|28|1|10|05
weather1|0.5|0|0.5|0.0|False|4|t2|0|2|1|28|1|0|05
weather1|0.09090909090909091|0|0.0|0.9090909090909091|False|5|t2|0|11|1|28|0|10|05
weather1|0.4|1.0|0.6|0.0|True|0|t2|3|5|2|22|3|0|113
weather1|0.5|0|0.5|0.0|False|1|t2|0|2|1|22|1|0|113
weather1|0.16666666666666666|1.0|0.1111111111111111|0.7222222222222222|True|2|t2|2|18|3|22|2|13|113
weather1|0.5|0|0.5|0.0|False|3|t2|0|2|1|22|1|0|113
weather1|0.5|0|0.5|0.0|False|4|t2|0|2|1|22|1|0|113
weather1|0.0|0|1.0|0.0|False|0|t2|0|1|0|21|1|0|117
weather1|0.25|0|0.25|0.5|False|1|t2|0|4|1|21|1|2|117
weather1|0.3333333333333333|0|0.3333333333333333|0.3333333333333333|False|2|t2|0|3|1|21|1|1|117
weather1|0.14285714285714285|0|0.14285714285714285|0.7142857142857143|False|3|t2|0|7|1|21|1|5|117
weather1|0.5|0|0.5|0.0|False|4|t2|0|2|1|21|1|0|117
weather1|0.25|0|0.125|0.625|False|5|t2|0|8|2|21|1|5|117
weather1|0.5|0|0.5|0.0|False|6|t2|0|2|1|21|1|0|117
weather1|0.0|0|1.0|0.0|False|0|t2|0|1|0|16|1|0|21
weather1|0.3333333333333333|0|0.3333333333333333|0.3333333333333333|False|1|t2|0|3|1|16|1|1|21
weather1|0.5|0|0.5|0.0|False|2|t2|0|2|1|16|1|0|21
weather1|0.08333333333333333|0|0.0|0.9166666666666666|False|3|t2|0|12|1|16|0|11|21
weather1|0.0|0|1.0|0.0|False|0|t2|0|1|0|7|1|0|25
weather1|0.5|0|0.5|0.0|False|1|t2|0|2|1|7|1|0|25
weather1|0.5|0|0.5|0.0|False|2|t2|0|2|1|7|1|0|25
weather1|0.25|0|0.0|0.75|False|3|t2|0|4|1|7|0|3|25
weather1|0.0|0|1.0|0.0|False|0|t2|0|1|0|11|1|0|29
weather1|0.5|0|0.5|0.0|False|1|t2|0|2|1|11|1|0|29
weather1|0.1111111111111111|0|0.0|0.8888888888888888|False|2|t2|0|9|1|11|0|8|29
weather1|0.0|0|1.0|0.0|False|0|t2|0|1|0|18|1|0|41
weather1|0.5|0|0.5|0.0|False|1|t2|0|2|1|18|1|0|41
weather1|0.5|0|0.5|0.0|False|2|t2|0|2|1|18|1|0|41
weather1|0.13333333333333333|0|0.06666666666666667|0.8|False|3|t2|0|15|2|18|1|12|41
weather1|0.5|0|0.5|0.0|False|4|t2|0|2|1|18|1|0|41
weather1|0.5|0|0.5|0.0|False|0|t2|0|2|1|8|1|0|45
weather1|0.3333333333333333|0|0.3333333333333333|0.3333333333333333|False|1|t2|0|3|1|8|1|1|45
weather1|0.3333333333333333|0|0.3333333333333333|0.3333333333333333|False|2|t2|0|3|1|8|1|1|45
weather1|0.3333333333333333|0|0.3333333333333333|0.3333333333333333|False|3|t2|0|3|1|8|1|1|45
weather1|0.0|0|1.0|0.0|False|0|t2|0|1|0|30|1|0|53
weather1|0.5|1.0|0.5|0.0|True|1|t2|2|4|2|30|2|0|53
weather1|0.5|0|0.5|0.0|False|2|t2|0|2|1|30|1|0|53
weather1|0.5|0|0.5|0.0|False|3|t2|0|2|1|30|1|0|53
weather1|0.2|0|0.2|0.6|False|4|t2|0|5|1|30|1|3|53
weather1|0.047619047619047616|0|0.0|0.9523809523809523|False|5|t2|0|21|1|30|0|20|53
weather1|0.0|0|1.0|0.0|False|0|t2|0|1|0|7|1|0|65
weather1|0.5|0|0.5|0.0|False|1|t2|0|2|1|7|1|0|65
weather1|0.25|0|0.25|0.5|False|2|t2|0|4|1|7|1|2|65
weather1|0.5|0|0.0|0.5|False|3|t2|0|2|1|7|0|1|65
weather1|0.0|0|1.0|0.0|False|0|t2|0|1|0|23|1|0|69
weather1|0.5|1.0|0.5|0.0|True|1|t2|4|8|4|23|4|0|69
weather1|0.5|0.6666666666666666|0.5|0.0|True|2|t2|2|6|3|23|3|0|69
weather1|0.4|0|0.4|0.2|False|3|t2|0|5|2|23|2|1|69
weather1|0.5|0|0.5|0.0|False|4|t2|0|2|1|23|1|0|69
weather1|0.5|1.0|0.5|0.0|True|5|t2|2|4|2|23|2|0|69
weather1|0.2222222222222222|0|0.1111111111111111|0.6666666666666666|False|6|t2|0|9|2|23|1|6|69
weather1|0.5|0|0.5|0.0|False|7|t2|0|2|1|23|1|0|69
weather1|0.0|0|1.0|0.0|False|0|t2|0|1|0|28|1|0|73
weather1|0.5|0|0.5|0.0|False|1|t2|0|2|1|28|1|0|73
weather1|0.3333333333333333|0|0.3333333333333333|0.3333333333333333|False|2|t2|0|3|1|28|1|1|73
weather1|0.11764705882352941|0|0.058823529411764705|0.8235294117647058|False|3|t2|0|17|2|28|1|14|73
weather1|0.4|0|0.4|0.2|False|4|t2|0|5|2|28|2|1|73
weather1|0.16666666666666666|0|0.16666666666666666|0.6666666666666666|False|5|t2|0|6|1|28|1|4|73
weather1|0.0|0|1.0|0.0|False|0|t2|0|1|0|15|1|0|77
weather1|0.5|0|0.5|0.0|False|1|t2|0|2|1|15|1|0|77
weather1|0.07692307692307693|0|0.0|0.9230769230769231|False|2|t2|0|13|1|15|0|12|77
weather1|0.0|0|1.0|0.0|False|0|t2|0|1|0|16|1|0|93
weather1|0.16666666666666666|1.0|0.16666666666666666|0.6666666666666666|True|1|t2|2|12|2|16|2|8|93
weather1|0.3333333333333333|0|0.3333333333333333|0.3333333333333333|False|2|t2|0|3|1|16|1|1|93
weather1|0.3333333333333333|0|0.0|0.6666666666666666|False|3|t2|0|3|1|16|0|2|93
weather1|0.0|0|1.0|0.0|False|0|t2|0|1|0|15|1|0|97
weather1|0.5|0|0.5|0.0|False|1|t2|0|2|1|15|1|0|97
weather1|0.5|0|0.5|0.0|False|2|t2|0|2|1|15|1|0|97
weather1|0.08333333333333333|0|0.0|0.9166666666666666|False|3|t2|0|12|1|15|0|11|97
weather1|0.4|1.0|0.6|0.0|True|0|t3|3|5|2|13|3|0|01
weather1|0.5|0|0.5|0.0|False|1|t3|0|2|1|13|1|0|01
weather1|0.5|0|0.5|0.0|False|2|t3|0|2|1|13|1|0|01
weather1|0.25|0|0.25|0.5|False|3|t3|0|4|1|13|1|2|01
weather1|0.5|0|0.5|0.0|False|4|t3|0|2|1|13|1|0|01
weather1|0.25|0|0.0|0.75|False|5|t3|0|4|1|13|0|3|01
weather1|0.0|0|1.0|0.0|False|0|t3|0|1|0|16|1|0|05
weather1|0.25|0|0.25|0.5|False|1|t3|0|4|1|16|1|2|05
weather1|0.09090909090909091|0|0.09090909090909091|0.8181818181818182|False|2|t3|0|11|1|16|1|9|05
weather1|0.5|0|0.0|0.5|False|3|t3|0|2|1|16|0|1|05
weather1|0.0|0|1.0|0.0|False|0|t3|0|1|0|23|1|0|113
weather1|0.1111111111111111|0|0.1111111111111111|0.7777777777777778|False|1|t3|0|9|1|23|1|7|113
weather1|0.5|0|0.5|0.0|False|2|t3|0|2|1|23|1|0|113
weather1|0.3333333333333333|1.0|0.3333333333333333|0.3333333333333333|True|3|t3|3|9|3|23|3|3|113
weather1|0.3333333333333333|0|0.2222222222222222|0.4444444444444444|False|4|t3|0|9|3|23|2|4|113
weather1|0.3333333333333333|1.0|0.5|0.16666666666666666|True|0|t3|3|6|2|28|3|1|117
weather1|0.5|0|0.5|0.0|False|1|t3|0|2|1|28|1|0|117
weather1|0.3333333333333333|0|0.3333333333333333|0.3333333333333333|False|2|t3|0|3|1|28|1|1|117
weather1|0.25|0|0.25|0.5|False|3|t3|0|4|1|28|1|2|117
weather1|0.2|0|0.2|0.6|False|4|t3|0|5|1|28|1|3|117
weather1|0.25|0|0.25|0.5|False|5|t3|0|4|1|28|1|2|117
weather1|0.09090909090909091|0|0.0|0.9090909090909091|False|6|t3|0|11|1|28|0|10|117
weather1|0.0|0|1.0|0.0|False|0|t3|0|1|0|4|1|0|21
weather1|0.5|0|0.5|0.0|False|1|t3|0|2|1|4|1|0|21
weather1|0.5|0|0.0|0.5|False|2|t3|0|2|1|4|0|1|21
weather1|0.0|0|1.0|0.0|False|0|t3|0|1|0|13|1|0|25
weather1|0.5|0|0.5|0.0|False|1|t3|0|2|1|13|1|0|25
weather1|0.125|0|0.125|0.75|False|2|t3|0|8|1|13|1|6|25
weather1|0.25|0|0.0|0.75|False|3|t3|0|4|1|13|0|3|25
weather1|0.3333333333333333|1.0|0.6666666666666666|0.0|True|0|t3|2|3|1|23|2|0|29
weather1|0.4|0|0.4|0.2|False|1|t3|0|5|2|23|2|1|29
weather1|0.16666666666666666|0|0.16666666666666666|0.6666666666666666|False|2|t3|0|6|1|23|1|4|29
weather1|0.07692307692307693|0|0.0|0.9230769230769231|False|3|t3|0|13|1|23|0|12|29
weather1|0.5|1.0|0.5|0.0|True|0|t3|2|4|2|15|2|0|41
weather1|0.1|0|0.1|0.8|False|1|t3|0|10|1|15|1|8|41
weather1|0.25|0|0.25|0.5|False|2|t3|0|4|1|15|1|2|41
weather1|0.0|0|1.0|0.0|False|0|t3|0|1|0|3|1|0|45
weather1|0.5|0|0.5|0.0|False|1|t3|0|2|1|3|1|0|45
weather1|1.0|0|0.0|0.0|False|2|t3|0|1|1|3|0|0|45
weather1|0.3333333333333333|1.0|0.6666666666666666|0.0|True|0|t3|2|3|1|25|2|0|53
weather1|0.5|0|0.5|0.0|False|1|t3|0|2|1|25|1|0|53
weather1|0.14285714285714285|0|0.14285714285714285|0.7142857142857143|False|2|t3|0|7|1|25|1|5|53
weather1|0.3333333333333333|0|0.3333333333333333|0.3333333333333333|False|3|t3|0|3|1|25|1|1|53
weather1|0.5|0|0.5|0.0|False|4|t3|0|2|1|25|1|0|53
weather1|0.3333333333333333|0|0.3333333333333333|0.3333333333333333|False|5|t3|0|3|1|25|1|1|53
weather1|0.09090909090909091|0|0.0|0.9090909090909091|False|6|t3|0|11|1|25|0|10|53
weather1|0.0|0|0.5|0.5|False|0|t3|0|2|0|6|1|1|65
weather1|0.5|0|0.5|0.0|False|1|t3|0|2|1|6|1|0|65
weather1|0.6666666666666666|0|0.3333333333333333|0.0|False|2|t3|0|3|2|6|1|0|65
weather1|0.5|0|0.5|0.0|False|3|t3|0|2|1|6|1|0|65
weather1|0.5|0|0.5|0.0|False|0|t3|0|2|1|20|1|0|69
weather1|0.5|0|0.5|0.0|False|1|t3|0|2|1|20|1|0|69
weather1|0.5|0|0.5|0.0|False|2|t3|0|2|1|20|1|0|69
weather1|0.2857142857142857|1.0|0.2857142857142857|0.42857142857142855|True|3|t3|2|7|2|20|2|3|69
weather1|0.5|0|0.5|0.0|False|4|t3|0|2|1|20|1|0|69
weather1|0.5|1.0|0.5|0.0|True|5|t3|2|4|2|20|2|0|69
weather1|0.5|0|0.5|0.0|False|6|t3|0|6|3|20|3|0|69
weather1|0.16666666666666666|0|0.16666666666666666|0.6666666666666666|False|7|t3|0|6|1|20|1|4|69
weather1|0.0|0|1.0|0.0|False|0|t3|0|1|0|20|1|0|73
weather1|0.5|0|0.5|0.0|False|1|t3|0|2|1|20|1|0|73
weather1|0.5|0|0.5|0.0|False|2|t3|0|2|1|20|1|0|73
weather1|0.0625|0|0.0625|0.875|False|3|t3|0|16|1|20|1|14|73
weather1|0.5|0|0.0|0.5|False|4|t3|0|2|1|20|0|1|73
weather1|0.5|1.0|0.5|0.0|True|0|t3|3|6|3|18|3|0|77
weather1|0.3333333333333333|0|0.3333333333333333|0.3333333333333333|False|1|t3|0|3|1|18|1|1|77
weather1|0.25|0|0.25|0.5|False|2|t3|0|4|1|18|1|2|77
weather1|0.2857142857142857|0|0.2857142857142857|0.42857142857142855|False|3|t3|0|7|2|18|2|3|77
weather1|0.2|0|0.2|0.6|False|4|t3|0|5|1|18|1|3|77
weather1|0.42857142857142855|1.0|0.5714285714285714|0.0|True|0|t3|4|7|3|16|4|0|93
weather1|0.25|0|0.25|0.5|False|1|t3|0|4|1|16|1|2|93
weather1|0.3333333333333333|0|0.3333333333333333|0.3333333333333333|False|2|t3|0|3|1|16|1|1|93
weather1|0.3333333333333333|0|0.3333333333333333|0.3333333333333333|False|3|t3|0|9|3|16|3|3|93
weather1|1.0|0|0.0|0.0|False|4|t3|0|1|1|16|0|0|93
weather1|0.4|1.0|0.6|0.0|True|0|t3|3|5|2|32|3|0|97
weather1|0.5|0|0.5|0.0|False|1|t3|0|2|1|32|1|0|97
weather1|0.5|0|0.5|0.0|False|2|t3|0|2|1|32|1|0|97
weather1|0.5|0|0.5|0.0|False|3|t3|0|2|1|32|1|0|97
weather1|0.3333333333333333|0|0.3333333333333333|0.3333333333333333|False|4|t3|0|3|1|32|1|1|97
weather1|0.041666666666666664|0|0.0|0.9583333333333334|False|5|t3|0|24|1|32|0|23|97
weather1|0.0|0|1.0|0.0|False|0|t4|0|1|0|47|1|0|01
weather1|0.5|0|0.5|0.0|False|1|t4|0|2|1|47|1|0|01
weather1|0.07142857142857142|0|0.07142857142857142|0.8571428571428571|False|2|t4|0|14|1|47|1|12|01
weather1|0.1111111111111111|0|0.1111111111111111|0.7777777777777778|False|3|t4|0|9|1|47|1|7|01
weather1|0.5|0|0.5|0.0|False|4|t4|0|2|1|47|1|0|01
weather1|0.0625|0|0.0625|0.875|False|5|t4|0|16|1|47|1|14|01
weather1|0.5|1.0|0.5|0.0|True|6|t4|2|4|2|47|2|0|01
weather1|0.5|0|0.5|0.0|False|7|t4|0|4|2|47|2|0|01
weather1|0.5|0|0.5|0.0|False|8|t4|0|2|1|47|1|0|01
weather1|0.5|0|0.5|0.0|False|9|t4|0|2|1|47|1|0|01
weather1|0.5|0|0.5|0.0|False|10|t4|0|2|1|47|1|0|01
weather1|1.0|0|0.0|0.0|False|11|t4|0|1|1|47|0|0|01
weather1|0.3333333333333333|1.0|0.6666666666666666|0.0|True|0|t4|2|3|1|37|2|0|05
weather1|0.16666666666666666|0|0.16666666666666666|0.6666666666666666|False|1|t4|0|6|1|37|1|4|05
weather1|0.16666666666666666|0|0.16666666666666666|0.6666666666666666|False|2|t4|0|6|1|37|1|4|05
weather1|0.3333333333333333|0|0.3333333333333333|0.3333333333333333|False|3|t4|0|3|1|37|1|1|05
weather1|0.125|0|0.125|0.75|False|4|t4|0|8|1|37|1|6|05
weather1|0.5|0|0.5|0.0|False|5|t4|0|2|1|37|1|0|05
weather1|0.5|0|0.5|0.0|False|6|t4|0|4|2|37|2|0|05
weather1|0.4|1.0|0.4|0.2|True|7|t4|2|5|2|37|2|1|05
weather1|0.25|0|0.25|0.5|False|8|t4|0|4|1|37|1|2|05
weather1|0.5|0|0.5|0.0|False|9|t4|0|2|1|37|1|0|05
weather1|0.5|0|0.5|0.0|False|10|t4|0|2|1|37|1|0|05
weather1|0.2|0|0.2|0.6|False|11|t4|0|5|1|37|1|3|05
weather1|1.0|0|0.0|0.0|False|12|t4|0|1|1|37|0|0|05
weather1|0.0|0|1.0|0.0|False|0|t4|0|1|0|23|1|0|113
weather1|0.5|0|0.5|0.0|False|1|t4|0|2|1|23|1|0|113
weather1|0.5|0|0.5|0.0|False|2|t4|0|2|1|23|1|0|113
weather1|0.5|0|0.5|0.0|False|3|t4|0|2|1|23|1|0|113
weather1|0.16666666666666666|0|0.08333333333333333|0.75|False|4|t4|0|12|2|23|1|9|113
weather1|0.1111111111111111|0|0.1111111111111111|0.7777777777777778|False|5|t4|0|9|1|23|1|7|113
weather1|0.5|0|0.5|0.0|False|0|t4|0|2|1|30|1|0|117
weather1|0.5|0|0.5|0.0|False|1|t4|0|2|1|30|1|0|117
weather1|0.5|0|0.5|0.0|False|2|t4|0|2|1|30|1|0|117
weather1|0.5|1.0|0.5|0.0|True|3|t4|2|4|2|30|2|0|117
weather1|0.5|0|0.5|0.0|False|4|t4|0|2|1|30|1|0|117
weather1|0.3333333333333333|0|0.3333333333333333|0.3333333333333333|False|5|t4|0|3|1|30|1|1|117
weather1|0.10526315789473684|1.0|0.10526315789473684|0.7894736842105263|True|6|t4|2|19|2|30|2|15|117
weather1|0.5|0|0.5|0.0|False|7|t4|0|4|2|30|2|0|117
weather1|0.5|0|0.5|0.0|False|8|t4|0|2|1|30|1|0|117
weather1|0.5|0|0.5|0.0|False|9|t4|0|2|1|30|1|0|117
weather1|0.0|0|1.0|0.0|False|0|t4|0|1|0|43|1|0|21
weather1|0.5|0|0.5|0.0|False|1|t4|0|2|1|43|1|0|21
weather1|0.5|0|0.5|0.0|False|2|t4|0|2|1|43|1|0|21
weather1|0.3333333333333333|0|0.3333333333333333|0.3333333333333333|False|3|t4|0|3|1|43|1|1|21
weather1|0.5|0|0.5|0.0|False|4|t4|0|2|1|43|1|0|21
weather1|0.4|1.0|0.4|0.2|True|5|t4|2|5|2|43|2|1|21
weather1|0.5|0|0.5|0.0|False|6|t4|0|2|1|43|1|0|21
weather1|0.2|0|0.2|0.6|False|7|t4|0|5|1|43|1|3|21
weather1|0.5|0|0.5|0.0|False|8|t4|0|2|1|43|1|0|21
weather1|0.5|0|0.5|0.0|False|9|t4|0|2|1|43|1|0|21
weather1|0.5|0|0.5|0.0|False|10|t4|0|2|1|43|1|0|21
weather1|0.5|0|0.5|0.0|False|11|t4|0|2|1|43|1|0|21
weather1|0.5|0|0.5|0.0|False|12|t4|0|2|1|43|1|0|21
weather1|0.5|0|0.5|0.0|False|13|t4|0|2|1|43|1|0|21
weather1|0.5|0|0.5|0.0|False|14|t4|0|2|1|43|1|0|21
weather1|0.5|0|0.5|0.0|False|15|t4|0|2|1|43|1|0|21
weather1|0.5|0|0.5|0.0|False|16|t4|0|2|1|43|1|0|21
weather1|0.5|1.0|0.5|0.0|True|17|t4|2|4|2|43|2|0|21
weather1|0.5|0|0.5|0.0|False|18|t4|0|2|1|43|1|0|21
weather1|0.5|0|0.5|0.0|False|19|t4|0|2|1|43|1|0|21
weather1|0.5|0|0.5|0.0|False|20|t4|0|2|1|43|1|0|21
weather1|0.5|0|0.5|0.0|False|21|t4|0|2|1|43|1|0|21
weather1|0.5|0|0.5|0.0|False|22|t4|0|2|1|43|1|0|21
weather1|0.5|0|0.5|0.0|False|23|t4|0|2|1|43|1|0|21
weather1|0.25|0|0.25|0.5|False|24|t4|0|4|1|43|1|2|21
weather1|0.5|0|0.5|0.0|False|25|t4|0|2|1|43|1|0|21
weather1|0.5|0|0.5|0.0|False|26|t4|0|2|1|43|1|0|21
weather1|0.5|1.0|0.5|0.0|True|27|t4|3|6|3|43|3|0|21
weather1|0.5|0|0.5|0.0|False|28|t4|0|2|1|43|1|0|21
weather1|0.5|0|0.5|0.0|False|29|t4|0|2|1|43|1|0|21
weather1|0.5|0|0.0|0.5|False|30|t4|0|2|1|43|0|1|21
weather1|0.25|1.0|0.5|0.25|True|0|t4|2|4|1|34|2|1|25
weather1|0.5|0|0.5|0.0|False|1|t4|0|2|1|34|1|0|25
weather1|0.125|1.0|0.125|0.75|True|2|t4|2|16|2|34|2|12|25
weather1|0.5|0|0.5|0.0|False|3|t4|0|2|1|34|1|0|25
weather1|0.5|0|0.5|0.0|False|4|t4|0|2|1|34|1|0|25
weather1|0.5|0|0.5|0.0|False|5|t4|0|2|1|34|1|0|25
weather1|0.5|0|0.5|0.0|False|6|t4|0|2|1|34|1|0|25
weather1|0.125|0|0.125|0.75|False|7|t4|0|8|1|34|1|6|25
weather1|0.5|0|0.5|0.0|False|8|t4|0|2|1|34|1|0|25
weather1|0.25|0|0.0|0.75|False|9|t4|0|4|1|34|0|3|25
weather1|0.0|0|1.0|0.0|False|0|t4|0|1|0|27|1|0|29
weather1|0.3333333333333333|0|0.3333333333333333|0.3333333333333333|False|1|t4|0|3|1|27|1|1|29
weather1|0.06666666666666667|0|0.06666666666666667|0.8666666666666667|False|2|t4|0|15|1|27|1|13|29
weather1|0.5|0|0.5|0.0|False|3|t4|0|2|1|27|1|0|29
weather1|0.1111111111111111|0|0.0|0.8888888888888888|False|4|t4|0|9|1|27|0|8|29
weather1|0.3333333333333333|1.0|0.5|0.16666666666666666|True|0|t4|3|6|2|40|3|1|41
weather1|0.5|0|0.5|0.0|False|1|t4|0|2|1|40|1|0|41
weather1|0.16666666666666666|1.0|0.16666666666666666|0.6666666666666666|True|2|t4|2|12|2|40|2|8|41
weather1|0.125|0|0.125|0.75|False|3|t4|0|16|2|40|2|12|41
weather1|0.3333333333333333|0|0.3333333333333333|0.3333333333333333|False|4|t4|0|3|1|40|1|1|41
weather1|0.5|0|0.5|0.0|False|5|t4|0|2|1|40|1|0|41
weather1|0.3333333333333333|0|0.3333333333333333|0.3333333333333333|False|6|t4|0|3|1|40|1|1|41
weather1|0.2|0|0.2|0.6|False|7|t4|0|5|1|40|1|3|41
weather1|0.5|0|0.0|0.5|False|8|t4|0|2|1|40|0|1|41
weather1|0.0|0|1.0|0.0|False|0|t4|0|1|0|40|1|0|45
weather1|0.5|0|0.5|0.0|False|1|t4|0|2|1|40|1|0|45
weather1|0.3333333333333333|1.0|0.3333333333333333|0.3333333333333333|True|2|t4|2|6|2|40|2|2|45
weather1|0.5|1.0|0.5|0.0|True|3|t4|3|6|3|40|3|0|45
weather1|0.25|0|0.25|0.5|False|4|t4|0|4|1|40|1|2|45
weather1|0.5|0|0.5|0.0|False|5|t4|0|2|1|40|1|0|45
weather1|0.5|0|0.5|0.0|False|6|t4|0|2|1|40|1|0|45
weather1|0.16666666666666666|0|0.16666666666666666|0.6666666666666666|False|7|t4|0|6|1|40|1|4|45
weather1|0.5|0|0.5|0.0|False|8|t4|0|2|1|40|1|0|45
weather1|0.5|0|0.5|0.0|False|9|t4|0|2|1|40|1|0|45
weather1|0.5|0|0.5|0.0|False|10|t4|0|2|1|40|1|0|45
weather1|0.18181818181818182|1.0|0.18181818181818182|0.6363636363636364|True|11|t4|2|11|2|40|2|7|45
weather1|0.3333333333333333|0|0.3333333333333333|0.3333333333333333|False|12|t4|0|3|1|40|1|1|45
weather1|0.25|0|0.25|0.5|False|13|t4|0|4|1|40|1|2|45
weather1|0.3333333333333333|0|0.3333333333333333|0.3333333333333333|False|14|t4|0|3|1|40|1|1|45
weather1|0.5|0|0.0|0.5|False|15|t4|0|2|1|40|0|1|45
weather1|0.3333333333333333|1.0|0.6666666666666666|0.0|True|0|t4|2|3|1|36|2|0|53
weather1|0.5|0|0.5|0.0|False|1|t4|0|2|1|36|1|0|53
weather1|0.5|0|0.5|0.0|False|2|t4|0|2|1|36|1|0|53
weather1|0.2222222222222222|1.0|0.2222222222222222|0.5555555555555556|True|3|t4|2|9|2|36|2|5|53
weather1|0.5|0|0.5|0.0|False|4|t4|0|2|1|36|1|0|53
weather1|0.5|0|0.5|0.0|False|5|t4|0|2|1|36|1|0|53
weather1|0.125|0|0.125|0.75|False|6|t4|0|8|1|36|1|6|53
weather1|0.5|0|0.25|0.25|False|7|t4|0|4|2|36|1|1|53
weather1|0.5|0|0.5|0.0|False|8|t4|0|2|1|36|1|0|53
weather1|0.3333333333333333|0|0.3333333333333333|0.3333333333333333|False|9|t4|0|3|1|36|1|1|53
weather1|0.5|0|0.5|0.0|False|10|t4|0|2|1|36|1|0|53
weather1|0.1111111111111111|0|0.1111111111111111|0.7777777777777778|False|11|t4|0|9|1|36|1|7|53
weather1|0.5|0|0.5|0.0|False|12|t4|0|2|1|36|1|0|53
weather1|0.0|0|1.0|0.0|False|0|t4|0|1|0|24|1|0|65
weather1|0.25|0|0.25|0.5|False|1|t4|0|4|1|24|1|2|65
weather1|0.5|0|0.5|0.0|False|2|t4|0|2|1|24|1|0|65
weather1|0.25|0|0.25|0.5|False|3|t4|0|4|1|24|1|2|65
weather1|0.25|0|0.25|0.5|False|4|t4|0|4|1|24|1|2|65
weather1|0.5|0|0.5|0.0|False|5|t4|0|2|1|24|1|0|65
weather1|0.5|0|0.5|0.0|False|6|t4|0|2|1|24|1|0|65
weather1|0.5|0|0.5|0.0|False|7|t4|0|2|1|24|1|0|65
weather1|0.5|0|0.5|0.0|False|8|t4|0|2|1|24|1|0|65
weather1|0.16666666666666666|0|0.16666666666666666|0.6666666666666666|False|9|t4|0|6|1|24|1|4|65
weather1|0.5|0|0.5|0.0|False|10|t4|0|2|1|24|1|0|65
weather1|0.3333333333333333|0|0.3333333333333333|0.3333333333333333|False|11|t4|0|3|1|24|1|1|65
weather1|1.0|0|0.0|0.0|False|12|t4|0|1|1|24|0|0|65
weather1|0.4|1.0|0.6|0.0|True|0|t4|3|5|2|41|3|0|69
weather1|0.2222222222222222|0.5|0.2222222222222222|0.5555555555555556|True|1|t4|2|18|4|41|4|10|69
weather1|0.5|1.0|0.5|0.0|True|2|t4|2|4|2|41|2|0|69
weather1|0.375|1.0|0.375|0.25|True|3|t4|3|8|3|41|3|2|69
weather1|0.4166666666666667|0.75|0.3333333333333333|0.25|True|4|t4|3|12|5|41|4|3|69
weather1|0.375|0.6666666666666666|0.375|0.25|True|5|t4|2|8|3|41|3|2|69
weather1|0.5|0|0.5|0.0|False|6|t4|0|4|2|41|2|0|69
weather1|0.5|0|0.5|0.0|False|7|t4|0|2|1|41|1|0|69
weather1|0.5|0|0.5|0.0|False|8|t4|0|2|1|41|1|0|69
weather1|0.5|0|0.5|0.0|False|0|t4|0|2|1|34|1|0|73
weather1|0.3333333333333333|0|0.3333333333333333|0.3333333333333333|False|1|t4|0|3|1|34|1|1|73
weather1|0.25|0|0.25|0.5|False|2|t4|0|4|1|34|1|2|73
weather1|0.5|0|0.5|0.0|False|3|t4|0|2|1|34|1|0|73
weather1|0.25|0|0.25|0.5|False|4|t4|0|4|1|34|1|2|73
weather1|0.16666666666666666|0|0.16666666666666666|0.6666666666666666|False|5|t4|0|6|1|34|1|4|73
weather1|0.5|0|0.5|0.0|False|6|t4|0|2|1|34|1|0|73
weather1|0.5|0|0.5|0.0|False|7|t4|0|2|1|34|1|0|73
weather1|0.5|0|0.5|0.0|False|8|t4|0|2|1|34|1|0|73
weather1|0.5|0|0.5|0.0|False|9|t4|0|2|1|34|1|0|73
weather1|0.07692307692307693|0|0.07692307692307693|0.8461538461538461|False|10|t4|0|13|1|34|1|11|73
weather1|0.3333333333333333|0|0.3333333333333333|0.3333333333333333|False|11|t4|0|3|1|34|1|1|73
weather1|0.0|0|1.0|0.0|False|0|t4|0|1|0|17|1|0|77
weather1|0.5|0|0.5|0.0|False|1|t4|0|2|1|17|1|0|77
weather1|0.2|0|0.2|0.6|False|2|t4|0|5|1|17|1|3|77
weather1|0.5|0|0.5|0.0|False|3|t4|0|2|1|17|1|0|77
weather1|0.5|0|0.5|0.0|False|4|t4|0|2|1|17|1|0|77
weather1|0.1111111111111111|0|0.0|0.8888888888888888|False|5|t4|0|9|1|17|0|8|77
weather1|0.0|0|1.0|0.0|False|0|t4|0|1|0|22|1|0|93
weather1|0.25|1.0|0.25|0.5|True|1|t4|3|12|3|22|3|6|93
weather1|0.5|0|0.5|0.0|False|2|t4|0|2|1|22|1|0|93
weather1|0.5|0|0.5|0.0|False|3|t4|0|2|1|22|1|0|93
weather1|0.3333333333333333|0|0.3333333333333333|0.3333333333333333|False|4|t4|0|9|3|22|3|3|93
weather1|0.5|0|0.5|0.0|False|5|t4|0|2|1|22|1|0|93
weather1|0.3333333333333333|0|0.3333333333333333|0.3333333333333333|False|6|t4|0|3|1|22|1|1|93
weather1|1.0|0|0.0|0.0|False|7|t4|0|1|1|22|0|0|93
weather1|0.0|0|1.0|0.0|False|0|t4|0|1|0|31|1|0|97
weather1|0.3333333333333333|0|0.3333333333333333|0.3333333333333333|False|1|t4|0|3|1|31|1|1|97
weather1|0.5|0|0.5|0.0|False|2|t4|0|2|1|31|1|0|97
weather1|0.5|0|0.5|0.0|False|3|t4|0|2|1|31|1|0|97
weather1|0.3333333333333333|0|0.3333333333333333|0.3333333333333333|False|4|t4|0|3|1|31|1|1|97
weather1|0.08333333333333333|0|0.08333333333333333|0.8333333333333334|False|5|t4|0|12|1|31|1|10|97
weather1|0.5|0|0.5|0.0|False|6|t4|0|2|1|31|1|0|97
weather1|0.3333333333333333|0|0.3333333333333333|0.3333333333333333|False|7|t4|0|3|1|31|1|1|97
weather1|0.5|1.0|0.5|0.0|True|8|t4|4|8|4|31|4|0|97
weather1|0.3333333333333333|0|0.3333333333333333|0.3333333333333333|False|9|t4|0|3|1|31|1|1|97
weather1|0.5|0|0.5|0.0|False|10|t4|0|2|1|31|1|0|97
weather1|0.5|0|0.5|0.0|False|11|t4|0|2|1|31|1|0|97
weather1|0.5|0|0.0|0.5|False|12|t4|0|2|1|31|0|1|97
faa1|0.4|1.0|0.6|0.0|True|0|t1|3|5|2|19|3|0|09
faa1|0.5|0|0.5|0.0|False|1|t1|0|6|3|19|3|0|09
faa1|0.125|0|0.125|0.75|False|2|t1|0|8|1|19|1|6|09
faa1|0.3333333333333333|0|0.3333333333333333|0.3333333333333333|False|3|t1|0|3|1|19|1|1|09
faa1|0.25|0|0.0|0.75|False|4|t1|0|4|1|19|0|3|09
faa1|0.4|1.0|0.6|0.0|True|0|t1|3|5|2|22|3|0|109
faa1|0.5|0|0.5|0.0|False|1|t1|0|4|2|22|2|0|109
faa1|0.25|0|0.25|0.5|False|2|t1|0|4|1|22|1|2|109
faa1|0.5|0|0.5|0.0|False|3|t1|0|2|1|22|1|0|109
faa1|0.25|0|0.25|0.5|False|4|t1|0|8|2|22|2|4|109
faa1|0.5|0|0.5|0.0|False|5|t1|0|2|1|22|1|0|109
faa1|0.3333333333333333|0|0.3333333333333333|0.3333333333333333|False|6|t1|0|3|1|22|1|1|109
faa1|0.5|0|0.5|0.0|False|7|t1|0|2|1|22|1|0|109
faa1|0.3333333333333333|0|0.0|0.6666666666666666|False|8|t1|0|3|1|22|0|2|109
faa1|0.4|1.0|0.6|0.0|True|0|t1|3|5|2|14|3|0|13
faa1|0.5|0|0.5|0.0|False|1|t1|0|4|2|14|2|0|13
faa1|0.3333333333333333|0|0.3333333333333333|0.3333333333333333|False|2|t1|0|3|1|14|1|1|13
faa1|0.5|0.6666666666666666|0.5|0.0|True|3|t1|2|6|3|14|3|0|13
faa1|0.5|0|0.5|0.0|False|4|t1|0|2|1|14|1|0|13
faa1|0.3333333333333333|0|0.3333333333333333|0.3333333333333333|False|5|t1|0|3|1|14|1|1|13
faa1|1.0|0|0.0|0.0|False|6|t1|0|1|1|14|0|0|13
faa1|0.0|0|1.0|0.0|False|0|t1|0|1|0|13|1|0|21
faa1|0.5|0|0.5|0.0|False|1|t1|0|2|1|13|1|0|21
faa1|0.25|0|0.25|0.5|False|2|t1|0|4|1|13|1|2|21
faa1|0.125|0|0.125|0.75|False|3|t1|0|8|1|13|1|6|21
faa1|1.0|0|0.0|0.0|False|4|t1|0|1|1|13|0|0|21
faa1|0.3333333333333333|1.0|0.6666666666666666|0.0|True|0|t1|2|3|1|22|2|0|33
faa1|0.5|0|0.5|0.0|False|1|t1|0|2|1|22|1|0|33
faa1|0.5|0|0.5|0.0|False|2|t1|0|2|1|22|1|0|33
faa1|0.3333333333333333|0|0.3333333333333333|0.3333333333333333|False|3|t1|0|3|1|22|1|1|33
faa1|0.4|1.0|0.4|0.2|True|4|t1|2|5|2|22|2|1|33
faa1|0.21428571428571427|0|0.14285714285714285|0.6428571428571429|False|5|t1|0|14|3|22|2|9|33
faa1|0.5|0|0.5|0.0|False|6|t1|0|2|1|22|1|0|33
faa1|0.0|0|1.0|0.0|False|0|t1|0|1|0|23|1|0|37
faa1|0.5|0|0.5|0.0|False|1|t1|0|2|1|23|1|0|37
faa1|0.5|0|0.5|0.0|False|2|t1|0|2|1|23|1|0|37
faa1|0.5|0|0.5|0.0|False|3|t1|0|2|1|23|1|0|37
faa1|0.5|0|0.5|0.0|False|4|t1|0|2|1|23|1|0|37
faa1|0.14285714285714285|0|0.07142857142857142|0.7857142857142857|False|5|t1|0|14|2|23|1|11|37
faa1|0.5|0|0.5|0.0|False|6|t1|0|2|1|23|1|0|37
faa1|0.5|0|0.5|0.0|False|7|t1|0|2|1|23|1|0|37
faa1|0.5|0|0.5|0.0|False|8|t1|0|2|1|23|1|0|37
faa1|0.5|0|0.5|0.0|False|9|t1|0|2|1|23|1|0|37
faa1|0.5|0|0.5|0.0|False|10|t1|0|2|1|23|1|0|37
faa1|0.0|0|0.5|0.5|False|0|t1|0|2|0|20|1|1|41
faa1|0.5|1.0|0.5|0.0|True|1|t1|2|4|2|20|2|0|41
faa1|0.5|0|0.5|0.0|False|2|t1|0|2|1|20|1|0|41
faa1|0.06666666666666667|0|0.06666666666666667|0.8666666666666667|False|3|t1|0|15|1|20|1|13|41
faa1|1.0|0|0.0|0.0|False|4|t1|0|1|1|20|0|0|41
faa1|0.4166666666666667|1.0|0.5|0.08333333333333333|True|0|t1|6|12|5|16|6|1|45
faa1|0.5|0|0.5|0.0|False|1|t1|0|2|1|16|1|0|45
faa1|0.5|0|0.5|0.0|False|2|t1|0|2|1|16|1|0|45
faa1|0.42857142857142855|0|0.2857142857142857|0.2857142857142857|False|3|t1|0|7|3|16|2|2|45
faa1|0.3333333333333333|0|0.3333333333333333|0.3333333333333333|False|4|t1|0|3|1|16|1|1|45
faa1|0.0|0|1.0|0.0|False|0|t1|0|1|0|19|1|0|57
faa1|0.5|0|0.5|0.0|False|1|t1|0|2|1|19|1|0|57
faa1|0.25|0|0.25|0.5|False|2|t1|0|4|1|19|1|2|57
faa1|0.5|0|0.5|0.0|False|3|t1|0|2|1|19|1|0|57
faa1|0.07692307692307693|0|0.0|0.9230769230769231|False|4|t1|0|13|1|19|0|12|57
faa1|0.0|0|1.0|0.0|False|0|t1|0|1|0|21|1|0|65
faa1|0.3333333333333333|0|0.3333333333333333|0.3333333333333333|False|1|t1|0|3|1|21|1|1|65
faa1|0.5|0|0.5|0.0|False|2|t1|0|2|1|21|1|0|65
faa1|0.5|0|0.5|0.0|False|3|t1|0|2|1|21|1|0|65
faa1|0.0625|0|0.0|0.9375|False|4|t1|0|16|1|21|0|15|65
faa1|0.3333333333333333|1.0|0.6666666666666666|0.0|True|0|t1|2|3|1|27|2|0|69
faa1|0.3333333333333333|0|0.3333333333333333|0.3333333333333333|False|1|t1|0|3|1|27|1|1|69
faa1|0.5|1.0|0.5|0.0|True|2|t1|4|8|4|27|4|0|69
faa1|0.5|0|0.5|0.0|False|3|t1|0|6|3|27|3|0|69
faa1|0.5|0|0.5|0.0|False|4|t1|0|2|1|27|1|0|69
faa1|0.5|0|0.5|0.0|False|5|t1|0|2|1|27|1|0|69
faa1|0.25|0|0.25|0.5|False|6|t1|0|4|1|27|1|2|69
faa1|0.5|0|0.5|0.0|False|7|t1|0|2|1|27|1|0|69
faa1|0.5|0|0.5|0.0|False|8|t1|0|2|1|27|1|0|69
faa1|0.4|1.0|0.4|0.2|True|9|t1|2|5|2|27|2|1|69
faa1|0.42857142857142855|0|0.2857142857142857|0.2857142857142857|False|10|t1|0|7|3|27|2|2|69
faa1|0.5|0|0.5|0.0|False|11|t1|0|2|1|27|1|0|69
faa1|0.3333333333333333|1.0|0.6666666666666666|0.0|True|0|t1|2|3|1|19|2|0|81
faa1|0.5|0|0.5|0.0|False|1|t1|0|2|1|19|1|0|81
faa1|0.4|0|0.4|0.2|False|2|t1|0|5|2|19|2|1|81
faa1|0.5|0|0.5|0.0|False|3|t1|0|2|1|19|1|0|81
faa1|0.5|0|0.5|0.0|False|4|t1|0|2|1|19|1|0|81
faa1|0.09090909090909091|0|0.09090909090909091|0.8181818181818182|False|5|t1|0|11|1|19|1|9|81
faa1|1.0|0|0.0|0.0|False|6|t1|0|1|1|19|0|0|81
faa1|0.0|0|1.0|0.0|False|0|t1|0|1|0|7|1|0|85
faa1|0.3333333333333333|0|0.16666666666666666|0.5|False|1|t1|0|6|2|7|1|3|85
faa1|0.5|0|0.5|0.0|False|2|t1|0|2|1|7|1|0|85
faa1|0.16666666666666666|1.0|0.3333333333333333|0.5|True|0|t1|2|6|1|26|2|3|89
faa1|0.5|0.6666666666666666|0.5|0.0|True|1|t1|2|6|3|26|3|0|89
faa1|0.2727272727272727|0.6666666666666666|0.2727272727272727|0.45454545454545453|True|2|t1|2|11|3|26|3|5|89
faa1|0.5|0|0.5|0.0|False|3|t1|0|2|1|26|1|0|89
faa1|0.5|0|0.5|0.0|False|4|t1|0|2|1|26|1|0|89
faa1|0.3333333333333333|0|0.3333333333333333|0.3333333333333333|False|5|t1|0|3|1|26|1|1|89
faa1|0.5|0|0.5|0.0|False|6|t1|0|2|1|26|1|0|89
faa1|0.2|0|0.0|0.8|False|7|t1|0|5|1|26|0|4|89
faa1|0.4|1.0|0.5|0.1|True|0|t1|5|10|4|27|5|1|93
faa1|0.3333333333333333|0|0.3333333333333333|0.3333333333333333|False|1|t1|0|3|1|27|1|1|93
faa1|0.5|0|0.5|0.0|False|2|t1|0|2|1|27|1|0|93
faa1|0.5|0|0.5|0.0|False|3|t1|0|2|1|27|1|0|93
faa1|0.5|0|0.5|0.0|False|4|t1|0|2|1|27|1|0|93
faa1|0.5|0|0.5|0.0|False|5|t1|0|2|1|27|1|0|93
faa1|0.5|0|0.5|0.0|False|6|t1|0|2|1|27|1|0|93
faa1|0.5|0|0.5|0.0|False|7|t1|0|2|1|27|1|0|93
faa1|0.2|0|0.2|0.6|False|8|t1|0|5|1|27|1|3|93
faa1|0.25|0|0.25|0.5|False|9|t1|0|4|1|27|1|2|93
faa1|0.5|0|0.5|0.0|False|10|t1|0|2|1|27|1|0|93
faa1|0.5|0|0.5|0.0|False|11|t1|0|2|1|27|1|0|93
faa1|0.5|0|0.5|0.0|False|12|t1|0|2|1|27|1|0|93
faa1|0.3333333333333333|0|0.0|0.6666666666666666|False|13|t1|0|3|1|27|0|2|93
faa1|0.0|0|1.0|0.0|False|0|t2|0|1|0|32|1|0|09
faa1|0.3333333333333333|0|0.3333333333333333|0.3333333333333333|False|1|t2|0|3|1|32|1|1|09
faa1|0.3333333333333333|0|0.3333333333333333|0.3333333333333333|False|2|t2|0|3|1|32|1|1|09
faa1|0.037037037037037035|0|0.0|0.9629629629629629|False|3|t2|0|27|1|32|0|26|09
faa1|0.0|0|1.0|0.0|False|0|t2|0|1|0|14|1|0|109
faa1|0.5|0|0.5|0.0|False|1|t2|0|2|1|14|1|0|109
faa1|0.25|0|0.25|0.5|False|2|t2|0|4|1|14|1|2|109
faa1|0.1111111111111111|0|0.0|0.8888888888888888|False|3|t2|0|9|1|14|0|8|109
faa1|0.0|0|1.0|0.0|False|0|t2|0|1|0|11|1|0|13
faa1|0.1111111111111111|0|0.1111111111111111|0.7777777777777778|False|1|t2|0|9|1|11|1|7|13
faa1|0.5|0|0.0|0.5|False|2|t2|0|2|1|11|0|1|13
faa1|0.0|0|1.0|0.0|False|0|t2|0|1|0|30|1|0|21
faa1|0.5|0|0.5|0.0|False|1|t2|0|2|1|30|1|0|21
faa1|0.045454545454545456|0|0.045454545454545456|0.9090909090909091|False|2|t2|0|22|1|30|1|20|21
faa1|0.14285714285714285|0|0.0|0.8571428571428571|False|3|t2|0|7|1|30|0|6|21
faa1|0.0|0|1.0|0.0|False|0|t2|0|1|0|22|1|0|33
faa1|0.3333333333333333|0|0.3333333333333333|0.3333333333333333|False|1|t2|0|3|1|22|1|1|33
faa1|0.3333333333333333|1.0|0.3333333333333333|0.3333333333333333|True|2|t2|2|6|2|22|2|2|33
faa1|0.125|0|0.0625|0.8125|False|3|t2|0|16|2|22|1|13|33
faa1|0.3333333333333333|1.0|0.6666666666666666|0.0|True|0|t2|2|3|1|13|2|0|37
faa1|0.5|0|0.5|0.0|False|1|t2|0|4|2|13|2|0|37
faa1|0.25|1.0|0.25|0.5|True|2|t2|2|8|2|13|2|4|37
faa1|0.5|0|0.25|0.25|False|3|t2|0|4|2|13|1|1|37
faa1|0.0|0|1.0|0.0|False|0|t2|0|1|0|12|1|0|41
faa1|0.5|0|0.5|0.0|False|1|t2|0|2|1|12|1|0|41
faa1|0.2|0|0.2|0.6|False|2|t2|0|5|1|12|1|3|41
faa1|0.16666666666666666|0|0.0|0.8333333333333334|False|3|t2|0|6|1|12|0|5|41
faa1|0.0|0|1.0|0.0|False|0|t2|0|1|0|17|1|0|45
faa1|0.2|0|0.2|0.6|False|1|t2|0|5|1|17|1|3|45
faa1|0.5|0|0.5|0.0|False|2|t2|0|2|1|17|1|0|45
faa1|0.09090909090909091|0|0.0|0.9090909090909091|False|3|t2|0|11|1|17|0|10|45
faa1|0.0|0|1.0|0.0|False|0|t2|0|1|0|18|1|0|57
faa1|0.5|0|0.5|0.0|False|1|t2|0|2|1|18|1|0|57
faa1|0.16666666666666666|0|0.16666666666666666|0.6666666666666666|False|2|t2|0|6|1|18|1|4|57
faa1|0.09090909090909091|0|0.0|0.9090909090909091|False|3|t2|0|11|1|18|0|10|57
faa1|0.0|0|1.0|0.0|False|0|t2|0|1|0|5|1|0|65
faa1|0.5|0|0.5|0.0|False|1|t2|0|2|1|5|1|0|65
faa1|0.5|0|0.5|0.0|False|2|t2|0|2|1|5|1|0|65
faa1|0.5|0|0.0|0.5|False|3|t2|0|2|1|5|0|1|65
faa1|0.0|0|1.0|0.0|False|0|t2|0|1|0|35|1|0|69
faa1|0.5|0|0.5|0.0|False|1|t2|0|2|1|35|1|0|69
faa1|0.36363636363636365|1.0|0.36363636363636365|0.2727272727272727|True|2|t2|4|11|4|35|4|3|69
faa1|0.30434782608695654|0.5|0.2608695652173913|0.43478260869565216|True|3|t2|3|23|7|35|6|10|69
faa1|0.25|0|0.25|0.5|False|4|t2|0|12|3|35|3|6|69
faa1|0.0|0|1.0|0.0|False|0|t2|0|1|0|4|1|0|81
faa1|0.5|0|0.5|0.0|False|1|t2|0|2|1|4|1|0|81
faa1|0.5|0|0.5|0.0|False|2|t2|0|2|1|4|1|0|81
faa1|1.0|0|0.0|0.0|False|3|t2|0|1|1|4|0|0|81
faa1|0.0|0|1.0|0.0|False|0|t2|0|1|0|10|1|0|85
faa1|0.25|0|0.25|0.5|False|1|t2|0|4|1|10|1|2|85
faa1|0.3333333333333333|0|0.3333333333333333|0.3333333333333333|False|2|t2|0|3|1|10|1|1|85
faa1|0.25|0|0.0|0.75|False|3|t2|0|4|1|10|0|3|85
faa1|0.0|0|1.0|0.0|False|0|t2|0|1|0|7|1|0|89
faa1|0.5|0|0.5|0.0|False|1|t2|0|2|1|7|1|0|89
faa1|0.3333333333333333|0|0.3333333333333333|0.3333333333333333|False|2|t2|0|3|1|7|1|1|89
faa1|0.3333333333333333|0|0.0|0.6666666666666666|False|3|t2|0|3|1|7|0|2|89
faa1|0.0|0|1.0|0.0|False|0|t2|0|1|0|20|1|0|93
faa1|0.10526315789473684|0|0.05263157894736842|0.8421052631578947|False|1|t2|0|19|2|20|1|16|93
faa1|0.5|0|0.5|0.0|False|2|t2|0|2|1|20|1|0|93
faa1|0.0|0|1.0|0.0|False|0|t3|0|1|0|9|1|0|09
faa1|0.3333333333333333|0|0.3333333333333333|0.3333333333333333|False|1|t3|0|3|1|9|1|1|09
faa1|0.16666666666666666|0|0.0|0.8333333333333334|False|2|t3|0|6|1|9|0|5|09
faa1|0.0|0|1.0|0.0|False|0|t3|0|1|0|27|1|0|109
faa1|0.5|0|0.5|0.0|False|1|t3|0|2|1|27|1|0|109
faa1|0.5|0|0.5|0.0|False|2|t3|0|2|1|27|1|0|109
faa1|0.5|0|0.5|0.0|False|3|t3|0|2|1|27|1|0|109
faa1|0.17647058823529413|1.0|0.11764705882352941|0.7058823529411765|True|4|t3|2|17|3|27|2|12|109
faa1|0.2|0|0.2|0.6|False|5|t3|0|10|2|27|2|6|109
faa1|0.3333333333333333|1.0|0.6666666666666666|0.0|True|0|t3|2|3|1|10|2|0|13
faa1|0.2857142857142857|1.0|0.2857142857142857|0.42857142857142855|True|1|t3|2|7|2|10|2|3|13
faa1|0.5|0|0.5|0.0|False|2|t3|0|2|1|10|1|0|13
faa1|0.5|0|0.5|0.0|False|3|t3|0|2|1|10|1|0|13
faa1|1.0|0|0.0|0.0|False|4|t3|0|1|1|10|0|0|13
faa1|0.0|0|1.0|0.0|False|0|t3|0|1|0|10|1|0|21
faa1|0.4|1.0|0.4|0.2|True|1|t3|2|5|2|10|2|1|21
faa1|0.5|0|0.5|0.0|False|2|t3|0|2|1|10|1|0|21
faa1|0.2|0|0.0|0.8|False|3|t3|0|5|1|10|0|4|21
faa1|0.0|0|0.5|0.5|False|0|t3|0|2|0|10|1|1|33
faa1|0.5|0|0.5|0.0|False|1|t3|0|2|1|10|1|0|33
faa1|0.25|0|0.25|0.5|False|2|t3|0|4|1|10|1|2|33
faa1|0.25|0|0.0|0.75|False|3|t3|0|4|1|10|0|3|33
faa1|0.0|0|1.0|0.0|False|0|t3|0|1|0|23|1|0|37
faa1|0.5|0|0.5|0.0|False|1|t3|0|2|1|23|1|0|37
faa1|0.25|0|0.25|0.5|False|2|t3|0|4|1|23|1|2|37
faa1|0.2|0|0.1|0.7|False|3|t3|0|10|2|23|1|7|37
faa1|0.5|0|0.5|0.0|False|4|t3|0|4|2|23|2|0|37
faa1|0.5|0|0.5|0.0|False|5|t3|0|4|2|23|2|0|37
faa1|0.5|0|0.5|0.0|False|6|t3|0|2|1|23|1|0|37
faa1|0.5|0|0.5|0.0|False|7|t3|0|2|1|23|1|0|37
faa1|0.5|0|0.5|0.0|False|8|t3|0|2|1|23|1|0|37
faa1|0.5|0|0.5|0.0|False|9|t3|0|2|1|23|1|0|37
faa1|0.5|0|0.5|0.0|False|10|t3|0|2|1|23|1|0|37
faa1|0.0|0|1.0|0.0|False|0|t3|0|1|0|12|1|0|41
faa1|0.3333333333333333|0|0.3333333333333333|0.3333333333333333|False|1|t3|0|3|1|12|1|1|41
faa1|0.4|1.0|0.4|0.2|True|2|t3|2|5|2|12|2|1|41
faa1|0.42857142857142855|0|0.2857142857142857|0.2857142857142857|False|3|t3|0|7|3|12|2|2|41
faa1|0.5|0|0.5|0.0|False|4|t3|0|2|1|12|1|0|41
faa1|0.0|0|1.0|0.0|False|0|t3|0|1|0|6|1|0|45
faa1|0.25|0|0.25|0.5|False|1|t3|0|4|1|6|1|2|45
faa1|0.5|0|0.0|0.5|False|2|t3|0|2|1|6|0|1|45
faa1|0.3333333333333333|1.0|0.6666666666666666|0.0|True|0|t3|2|3|1|13|2|0|57
faa1|0.5|0|0.5|0.0|False|1|t3|0|4|2|13|2|0|57
faa1|0.5|0|0.5|0.0|False|2|t3|0|2|1|13|1|0|57
faa1|0.5|0|0.5|0.0|False|3|t3|0|2|1|13|1|0|57
faa1|0.5|0|0.5|0.0|False|4|t3|0|2|1|13|1|0|57
faa1|0.16666666666666666|0|0.0|0.8333333333333334|False|5|t3|0|6|1|13|0|5|57
faa1|0.0|0|1.0|0.0|False|0|t3|0|1|0|6|1|0|65
faa1|0.5|0|0.5|0.0|False|1|t3|0|2|1|6|1|0|65
faa1|0.25|0|0.25|0.5|False|2|t3|0|4|1|6|1|2|65
faa1|1.0|0|0.0|0.0|False|3|t3|0|1|1|6|0|0|65
faa1|0.4444444444444444|1.0|0.5555555555555556|0.0|True|0|t3|5|9|4|34|5|0|69
faa1|0.5|0|0.5|0.0|False|1|t3|0|4|2|34|2|0|69
faa1|0.4|0|0.4|0.2|False|2|t3|0|5|2|34|2|1|69
faa1|0.5|0|0.5|0.0|False|3|t3|0|2|1|34|1|0|69
faa1|0.5|1.0|0.5|0.0|True|4|t3|2|4|2|34|2|0|69
faa1|0.2222222222222222|1.0|0.2222222222222222|0.5555555555555556|True|5|t3|2|9|2|34|2|5|69
faa1|0.5|0|0.5|0.0|False|6|t3|0|4|2|34|2|0|69
faa1|0.5|0|0.5|0.0|False|7|t3|0|2|1|34|1|0|69
faa1|0.5|0|0.5|0.0|False|8|t3|0|2|1|34|1|0|69
faa1|0.125|0|0.125|0.75|False|9|t3|0|8|1|34|1|6|69
faa1|0.3333333333333333|0|0.0|0.6666666666666666|False|10|t3|0|3|1|34|0|2|69
faa1|0.0|0|1.0|0.0|False|0|t3|0|1|0|24|1|0|81
faa1|0.5|0|0.5|0.0|False|1|t3|0|2|1|24|1|0|81
faa1|0.045454545454545456|0|0.0|0.9545454545454546|False|2|t3|0|22|1|24|0|21|81
faa1|0.4|1.0|0.6|0.0|True|0|t3|3|5|2|20|3|0|85
faa1|0.5|0|0.5|0.0|False|1|t3|0|2|1|20|1|0|85
faa1|0.11764705882352941|0|0.058823529411764705|0.8235294117647058|False|2|t3|0|17|2|20|1|14|85
faa1|0.0|0|1.0|0.0|False|0|t3|0|1|0|15|1|0|89
faa1|0.5|0|0.5|0.0|False|1|t3|0|2|1|15|1|0|89
faa1|0.18181818181818182|0|0.09090909090909091|0.7272727272727273|False|2|t3|0|11|2|15|1|8|89
faa1|0.25|0|0.25|0.5|False|3|t3|0|4|1|15|1|2|89
faa1|0.0|0|1.0|0.0|False|0|t3|0|1|0|11|1|0|93
faa1|0.16666666666666666|0|0.16666666666666666|0.6666666666666666|False|1|t3|0|6|1|11|1|4|93
faa1|0.2|0|0.2|0.6|False|2|t3|0|5|1|11|1|3|93
faa1|1.0|0|0.0|0.0|False|3|t3|0|1|1|11|0|0|93
faa1|0.42857142857142855|1.0|0.5714285714285714|0.0|True|0|t4|4|7|3|40|4|0|09
faa1|0.5|0|0.5|0.0|False|1|t4|0|2|1|40|1|0|09
faa1|0.5|1.0|0.5|0.0|True|2|t4|3|6|3|40|3|0|09
faa1|0.23076923076923078|0|0.23076923076923078|0.5384615384615384|False|3|t4|0|13|3|40|3|7|09
faa1|0.5|1.0|0.5|0.0|True|4|t4|2|4|2|40|2|0|09
faa1|0.42857142857142855|0|0.42857142857142855|0.14285714285714285|False|5|t4|0|7|3|40|3|1|09
faa1|0.3333333333333333|0|0.3333333333333333|0.3333333333333333|False|6|t4|0|3|1|40|1|1|09
faa1|0.5|0|0.5|0.0|False|7|t4|0|2|1|40|1|0|09
faa1|0.2|0|0.2|0.6|False|8|t4|0|5|1|40|1|3|09
faa1|0.25|0|0.25|0.5|False|9|t4|0|4|1|40|1|2|09
faa1|0.5|0|0.5|0.0|False|10|t4|0|2|1|40|1|0|09
faa1|0.3333333333333333|0|0.3333333333333333|0.3333333333333333|False|11|t4|0|3|1|40|1|1|09
faa1|0.3333333333333333|0|0.3333333333333333|0.3333333333333333|False|12|t4|0|3|1|40|1|1|09
faa1|1.0|0|0.0|0.0|False|13|t4|0|1|1|40|0|0|09
faa1|0.3333333333333333|1.0|0.6666666666666666|0.0|True|0|t4|2|3|1|33|2|0|109
faa1|0.5|0|0.5|0.0|False|1|t4|0|2|1|33|1|0|109
faa1|0.3333333333333333|0|0.3333333333333333|0.3333333333333333|False|2|t4|0|3|1|33|1|1|109
faa1|0.5|1.0|0.5|0.0|True|3|t4|2|4|2|33|2|0|109
faa1|0.2222222222222222|0|0.2222222222222222|0.5555555555555556|False|4|t4|0|9|2|33|2|5|109
faa1|0.2857142857142857|0|0.2857142857142857|0.42857142857142855|False|5|t4|0|7|2|33|2|3|109
faa1|0.21428571428571427|1.0|0.14285714285714285|0.6428571428571429|True|6|t4|2|14|3|33|2|9|109
faa1|0.5|0|0.5|0.0|False|7|t4|0|4|2|33|2|0|109
faa1|0.0|0|1.0|0.0|False|0|t4|0|1|0|15|1|0|13
faa1|0.5|0|0.5|0.0|False|1|t4|0|2|1|15|1|0|13
faa1|0.5|0|0.5|0.0|False|2|t4|0|2|1|15|1|0|13
faa1|0.3333333333333333|0|0.3333333333333333|0.3333333333333333|False|3|t4|0|3|1|15|1|1|13
faa1|0.25|0|0.25|0.5|False|4|t4|0|4|1|15|1|2|13
faa1|0.14285714285714285|0|0.0|0.8571428571428571|False|5|t4|0|7|1|15|0|6|13
faa1|0.0|0|1.0|0.0|False|0|t4|0|1|0|36|1|0|21
faa1|0.5|0|0.5|0.0|False|1|t4|0|2|1|36|1|0|21
faa1|0.3333333333333333|0|0.3333333333333333|0.3333333333333333|False|2|t4|0|3|1|36|1|1|21
faa1|0.03125|0|0.0|0.96875|False|3|t4|0|32|1|36|0|31|21
faa1|0.0|0|1.0|0.0|False|0|t4|0|1|0|30|1|0|33
faa1|0.5|1.0|0.5|0.0|True|1|t4|3|6|3|30|3|0|33
faa1|0.3333333333333333|0|0.3333333333333333|0.3333333333333333|False|2|t4|0|3|1|30|1|1|33
faa1|0.5|0|0.5|0.0|False|3|t4|0|2|1|30|1|0|33
faa1|0.5|0|0.5|0.0|False|4|t4|0|4|2|30|2|0|33
faa1|0.16666666666666666|0|0.16666666666666666|0.6666666666666666|False|5|t4|0|6|1|30|1|4|33
faa1|0.5|0|0.5|0.0|False|6|t4|0|2|1|30|1|0|33
faa1|0.3333333333333333|0|0.3333333333333333|0.3333333333333333|False|7|t4|0|3|1|30|1|1|33
faa1|0.3333333333333333|0|0.3333333333333333|0.3333333333333333|False|8|t4|0|3|1|30|1|1|33
faa1|0.3333333333333333|0|0.16666666666666666|0.5|False|9|t4|0|6|2|30|1|3|33
faa1|0.14285714285714285|0|0.14285714285714285|0.7142857142857143|False|10|t4|0|7|1|30|1|5|33
faa1|0.42857142857142855|1.0|0.5714285714285714|0.0|True|0|t4|4|7|3|43|4|0|37
faa1|0.5|1.0|0.5|0.0|True|1|t4|3|6|3|43|3|0|37
faa1|0.5|0|0.5|0.0|False|2|t4|0|2|1|43|1|0|37
faa1|0.5|0|0.5|0.0|False|3|t4|0|2|1|43|1|0|37
faa1|0.5|0|0.5|0.0|False|4|t4|0|2|1|43|1|0|37
faa1|0.4|0|0.4|0.2|False|5|t4|0|5|2|43|2|1|37
faa1|0.3333333333333333|0|0.3333333333333333|0.3333333333333333|False|6|t4|0|3|1|43|1|1|37
faa1|0.5|0|0.5|0.0|False|7|t4|0|2|1|43|1|0|37
faa1|0.5|0|0.5|0.0|False|8|t4|0|2|1|43|1|0|37
faa1|0.5|0|0.5|0.0|False|9|t4|0|2|1|43|1|0|37
faa1|0.5|0|0.5|0.0|False|10|t4|0|2|1|43|1|0|37
faa1|0.5|0|0.5|0.0|False|11|t4|0|2|1|43|1|0|37
faa1|0.5|0|0.5|0.0|False|12|t4|0|2|1|43|1|0|37
faa1|0.3333333333333333|0|0.3333333333333333|0.3333333333333333|False|13|t4|0|3|1|43|1|1|37
faa1|0.3333333333333333|0|0.3333333333333333|0.3333333333333333|False|14|t4|0|3|1|43|1|1|37
faa1|0.5|0|0.5|0.0|False|15|t4|0|2|1|43|1|0|37
faa1|0.3333333333333333|1.0|0.3333333333333333|0.3333333333333333|True|16|t4|2|6|2|43|2|2|37
faa1|0.5|0|0.5|0.0|False|17|t4|0|2|1|43|1|0|37
faa1|0.6666666666666666|0|0.3333333333333333|0.0|False|18|t4|0|3|2|43|1|0|37
faa1|0.5|0|0.5|0.0|False|19|t4|0|2|1|43|1|0|37
faa1|0.3333333333333333|1.0|0.3333333333333333|0.3333333333333333|True|20|t4|2|6|2|43|2|2|37
faa1|0.25|0|0.25|0.5|False|21|t4|0|4|1|43|1|2|37
faa1|0.3333333333333333|0|0.3333333333333333|0.3333333333333333|False|22|t4|0|3|1|43|1|1|37
faa1|0.0|0|1.0|0.0|False|0|t4|0|1|0|12|1|0|41
faa1|0.5|0|0.5|0.0|False|1|t4|0|2|1|12|1|0|41
faa1|0.5|0|0.5|0.0|False|2|t4|0|2|1|12|1|0|41
faa1|0.25|0|0.25|0.5|False|3|t4|0|4|1|12|1|2|41
faa1|0.2|0|0.2|0.6|False|4|t4|0|5|1|12|1|3|41
faa1|0.5|0|0.0|0.5|False|5|t4|0|2|1|12|0|1|41
faa1|0.0|0|1.0|0.0|False|0|t4|0|1|0|11|1|0|45
faa1|0.5|0|0.5|0.0|False|1|t4|0|2|1|11|1|0|45
faa1|0.1111111111111111|0|0.0|0.8888888888888888|False|2|t4|0|9|1|11|0|8|45
faa1|0.4|1.0|0.6|0.0|True|0|t4|3|5|2|33|3|0|57
faa1|0.5|0|0.5|0.0|False|1|t4|0|2|1|33|1|0|57
faa1|0.3333333333333333|0|0.3333333333333333|0.3333333333333333|False|2|t4|0|3|1|33|1|1|57
faa1|0.5|0|0.5|0.0|False|3|t4|0|2|1|33|1|0|57
faa1|0.5|0|0.5|0.0|False|4|t4|0|2|1|33|1|0|57
faa1|0.5|0|0.5|0.0|False|5|t4|0|2|1|33|1|0|57
faa1|0.5|0|0.5|0.0|False|6|t4|0|2|1|33|1|0|57
faa1|0.3333333333333333|0|0.3333333333333333|0.3333333333333333|False|7|t4|0|3|1|33|1|1|57
faa1|0.5|0|0.5|0.0|False|8|t4|0|2|1|33|1|0|57
faa1|0.5|0|0.5|0.0|False|9|t4|0|4|2|33|2|0|57
faa1|0.4|0|0.4|0.2|False|10|t4|0|5|2|33|2|1|57
faa1|0.2222222222222222|1.0|0.2222222222222222|0.5555555555555556|True|11|t4|2|9|2|33|2|5|57
faa1|0.5|0|0.5|0.0|False|12|t4|0|2|1|33|1|0|57
faa1|0.5|0|0.5|0.0|False|13|t4|0|2|1|33|1|0|57
faa1|0.25|0|0.25|0.5|False|14|t4|0|4|1|33|1|2|57
faa1|0.5|0|0.25|0.25|False|15|t4|0|4|2|33|1|1|57
faa1|0.0|0|1.0|0.0|False|0|t4|0|1|0|7|1|0|65
faa1|0.5|0|0.5|0.0|False|1|t4|0|2|1|7|1|0|65
faa1|0.2|0|0.0|0.8|False|2|t4|0|5|1|7|0|4|65
faa1|0.5|1.0|0.5|0.0|True|0|t4|3|6|3|43|3|0|69
faa1|0.5|1.0|0.5|0.0|True|1|t4|2|4|2|43|2|0|69
faa1|0.5|1.0|0.5|0.0|True|2|t4|2|4|2|43|2|0|69
faa1|0.5|0|0.5|0.0|False|3|t4|0|2|1|43|1|0|69
faa1|0.5|0|0.5|0.0|False|4|t4|0|2|1|43|1|0|69
faa1|0.3333333333333333|0|0.3333333333333333|0.3333333333333333|False|5|t4|0|3|1|43|1|1|69
faa1|0.36363636363636365|0.5|0.36363636363636365|0.2727272727272727|True|6|t4|2|11|4|43|4|3|69
faa1|0.5|0|0.5|0.0|False|7|t4|0|2|1|43|1|0|69
faa1|0.5|0.6666666666666666|0.5|0.0|True|8|t4|2|6|3|43|3|0|69
faa1|0.25|0|0.25|0.5|False|9|t4|0|4|1|43|1|2|69
faa1|0.3333333333333333|0|0.3333333333333333|0.3333333333333333|False|10|t4|0|3|1|43|1|1|69
faa1|0.5|0|0.5|0.0|False|11|t4|0|2|1|43|1|0|69
faa1|0.2|0|0.2|0.6|False|12|t4|0|5|1|43|1|3|69
faa1|0.2|1.0|0.2|0.6|True|13|t4|2|10|2|43|2|6|69
faa1|0.5|0|0.5|0.0|False|14|t4|0|2|1|43|1|0|69
faa1|0.5|0|0.5|0.0|False|15|t4|0|2|1|43|1|0|69
faa1|0.4|1.0|0.6|0.0|True|0|t4|3|5|2|28|3|0|81
faa1|0.3333333333333333|0|0.3333333333333333|0.3333333333333333|False|1|t4|0|3|1|28|1|1|81
faa1|0.5|0|0.5|0.0|False|2|t4|0|2|1|28|1|0|81
faa1|0.3333333333333333|0|0.3333333333333333|0.3333333333333333|False|3|t4|0|3|1|28|1|1|81
faa1|0.5|0|0.5|0.0|False|4|t4|0|2|1|28|1|0|81
faa1|0.5|0|0.5|0.0|False|5|t4|0|2|1|28|1|0|81
faa1|0.25|0|0.25|0.5|False|6|t4|0|4|1|28|1|2|81
faa1|0.5|1.0|0.5|0.0|True|7|t4|2|4|2|28|2|0|81
faa1|0.5|0|0.5|0.0|False|8|t4|0|2|1|28|1|0|81
faa1|0.4|0|0.4|0.2|False|9|t4|0|5|2|28|2|1|81
faa1|0.5|0|0.5|0.0|False|10|t4|0|2|1|28|1|0|81
faa1|0.3333333333333333|0|0.3333333333333333|0.3333333333333333|False|11|t4|0|3|1|28|1|1|81
faa1|0.3333333333333333|0|0.16666666666666666|0.5|False|12|t4|0|6|2|28|1|3|81
faa1|0.5|0|0.5|0.0|False|13|t4|0|2|1|28|1|0|81
faa1|0.0|0|1.0|0.0|False|0|t4|0|1|0|7|1|0|85
faa1|0.5|0|0.5|0.0|False|1|t4|0|2|1|7|1|0|85
faa1|0.5|0|0.5|0.0|False|2|t4|0|2|1|7|1|0|85
faa1|0.5|0|0.5|0.0|False|3|t4|0|2|1|7|1|0|85
faa1|0.5|0|0.5|0.0|False|4|t4|0|2|1|7|1|0|85
faa1|0.5|0|0.5|0.0|False|5|t4|0|2|1|7|1|0|85
faa1|1.0|0|0.0|0.0|False|6|t4|0|1|1|7|0|0|85
faa1|0.0|0|1.0|0.0|False|0|t4|0|1|0|38|1|0|89
faa1|0.5|0|0.5|0.0|False|1|t4|0|2|1|38|1|0|89
faa1|0.5|0|0.5|0.0|False|2|t4|0|2|1|38|1|0|89
faa1|0.3333333333333333|1.0|0.3333333333333333|0.3333333333333333|True|3|t4|2|6|2|38|2|2|89
faa1|0.36363636363636365|0.75|0.36363636363636365|0.2727272727272727|True|4|t4|3|11|4|38|4|3|89
faa1|0.5|0|0.5|0.0|False|5|t4|0|4|2|38|2|0|89
faa1|0.5|0|0.5|0.0|False|6|t4|0|4|2|38|2|0|89
faa1|0.5|0|0.5|0.0|False|7|t4|0|2|1|38|1|0|89
faa1|0.3|0|0.2|0.5|False|8|t4|0|10|3|38|2|5|89
faa1|0.08333333333333333|0|0.08333333333333333|0.8333333333333334|False|9|t4|0|12|1|38|1|10|89
faa1|0.3333333333333333|1.0|0.6666666666666666|0.0|True|0|t4|2|3|1|28|2|0|93
faa1|0.5|1.0|0.5|0.0|True|1|t4|3|6|3|28|3|0|93
faa1|0.3333333333333333|0|0.3333333333333333|0.3333333333333333|False|2|t4|0|6|2|28|2|2|93
faa1|0.5|0|0.5|0.0|False|3|t4|0|2|1|28|1|0|93
faa1|0.5|0|0.5|0.0|False|4|t4|0|2|1|28|1|0|93
faa1|0.5|0|0.5|0.0|False|5|t4|0|2|1|28|1|0|93
faa1|0.5|0|0.5|0.0|False|6|t4|0|2|1|28|1|0|93
faa1|0.06666666666666667|0|0.0|0.9333333333333333|False|7|t4|0|15|1|28|0|14|93
