dataset|leaves|leavesNotNormalized|maxBranchingFactor|maxBranchingFactorNotNormalized|maxDepth|maxDepthNotNormalized|meanAspectRatio|meanBranchingFactor|meanBranchingFactorNotNormalized|meanDepth|meanDepthNotNormalized|task|totalInteractions|totalNodes|userid
birdstrikes1|0.3333333333333333|1|0.3333333333333333|1.0|0.6666666666666666|2.0|0.6666666666666666|0.2222222222222222|0.6666666666666666|0.3333333333333333|1.0|t1|11|3|01
birdstrikes1|0.16666666666666666|2|0.16666666666666666|2.0|0.08333333333333333|1.0|0.23404255319148937|0.0763888888888889|0.9166666666666666|0.3263888888888889|3.9166666666666665|t1|25|12|05
birdstrikes1|0.7142857142857143|5|0.5714285714285714|4.0|0.2857142857142857|2.0|0.5454545454545454|0.12244897959183673|0.8571428571428571|0.22448979591836735|1.5714285714285714|t1|24|7|09
birdstrikes1|0.2857142857142857|2|0.2857142857142857|2.0|0.7142857142857143|5.0|0.3|0.12244897959183673|0.8571428571428571|0.40816326530612246|2.857142857142857|t1|17|7|109
birdstrikes1|0.07692307692307693|2|0.07692307692307693|2.0|0.46153846153846156|12.0|0.15923566878980894|0.03698224852071006|0.9615384615384616|0.23224852071005916|6.038461538461538|t1|22|26|13
birdstrikes1|0.26666666666666666|4|0.13333333333333333|2.0|0.4666666666666667|7.0|0.2692307692307692|0.06222222222222222|0.9333333333333333|0.2311111111111111|3.466666666666667|t1|42|15|25
birdstrikes1|0.5|1|0.5|1.0|0.5|1.0|1.0|0.25|0.5|0.25|0.5|t1|2|2|29
birdstrikes1|0.2|1|0.2|1.0|0.8|4.0|0.4|0.16|0.8|0.4|2.0|t1|16|5|33
birdstrikes1|0.16666666666666666|1|0.16666666666666666|1.0|0.8333333333333334|5.0|0.33333333333333337|0.1388888888888889|0.8333333333333334|0.4166666666666667|2.5|t1|9|6|37
birdstrikes1|0.1875|3|0.125|2.0|0.4375|7.0|0.26785714285714285|0.05859375|0.9375|0.21875|3.5|t1|27|16|53
birdstrikes1|0.3333333333333333|2|0.3333333333333333|2.0|0.6666666666666666|4.0|0.4545454545454546|0.1388888888888889|0.8333333333333334|0.3055555555555556|1.8333333333333333|t1|18|6|57
birdstrikes1|0.25|2|0.25|2.0|0.625|5.0|0.3181818181818182|0.109375|0.875|0.34375|2.75|t1|57|8|61
birdstrikes1|0.1|1|0.1|1.0|0.9|9.0|0.2|0.09|0.9|0.45|4.5|t1|15|10|73
birdstrikes1|0.2|1|0.2|1.0|0.8|4.0|0.4|0.16|0.8|0.4|2.0|t1|13|5|77
birdstrikes1|0.16666666666666666|1|0.16666666666666666|1.0|0.8333333333333334|5.0|0.33333333333333337|0.1388888888888889|0.8333333333333334|0.4166666666666667|2.5|t1|17|6|81
birdstrikes1|0.5|1|0.5|1.0|0.5|1.0|1.0|0.25|0.5|0.25|0.5|t1|2|2|85
birdstrikes1|0.2|1|0.2|1.0|0.8|4.0|0.4|0.16|0.8|0.4|2.0|t1|5|5|97
birdstrikes1|0.25|1|0.25|1.0|0.75|3.0|0.5|0.1875|0.75|0.375|1.5|t2|5|4|01
birdstrikes1|0.25|1|0.25|1.0|0.75|3.0|0.5|0.1875|0.75|0.375|1.5|t2|10|4|05
birdstrikes1|0.42857142857142855|6|0.2857142857142857|4.0|0.35714285714285715|5.0|0.33333333333333337|0.0663265306122449|0.9285714285714286|0.1989795918367347|2.7857142857142856|t2|21|14|09
birdstrikes1|0.4|2|0.4|2.0|0.6|3.0|0.5|0.16|0.8|0.32|1.6|t2|17|5|109
birdstrikes1|0.5|2|0.5|2.0|0.5|2.0|0.75|0.1875|0.75|0.25|1.0|t2|16|4|13
birdstrikes1|0.25|1|0.25|1.0|0.75|3.0|0.5|0.1875|0.75|0.375|1.5|t2|10|4|25
birdstrikes1|0.4|2|0.4|2.0|0.4|2.0|0.6666666666666667|0.16|0.8|0.24|1.2|t2|13|5|29
birdstrikes1|0.25|1|0.25|1.0|0.75|3.0|0.5|0.1875|0.75|0.375|1.5|t2|27|4|33
birdstrikes1|0.25|2|0.25|2.0|0.75|6.0|0.2692307692307692|0.109375|0.875|0.40625|3.25|t2|15|8|37
birdstrikes1|0.25|1|0.25|1.0|0.75|3.0|0.5|0.1875|0.75|0.375|1.5|t2|11|4|53
birdstrikes1|0.3333333333333333|2|0.3333333333333333|2.0|0.6666666666666666|4.0|0.38461538461538464|0.1388888888888889|0.8333333333333334|0.3611111111111111|2.1666666666666665|t2|22|6|57
birdstrikes1|0.16666666666666666|1|0.16666666666666666|1.0|0.8333333333333334|5.0|0.33333333333333337|0.1388888888888889|0.8333333333333334|0.4166666666666667|2.5|t2|9|6|61
birdstrikes1|0.4|2|0.4|2.0|0.6|3.0|0.4444444444444445|0.16|0.8|0.36|1.8|t2|44|5|73
birdstrikes1|0.25|1|0.25|1.0|0.75|3.0|0.5|0.1875|0.75|0.375|1.5|t2|19|4|77
birdstrikes1|0.5|3|0.5|3.0|0.5|3.0|0.5|0.1388888888888889|0.8333333333333334|0.2777777777777778|1.6666666666666667|t2|17|6|81
birdstrikes1|0.5|1|0.5|1.0|0.5|1.0|1.0|0.25|0.5|0.25|0.5|t2|2|2|85
birdstrikes1|0.25|1|0.25|1.0|0.75|3.0|0.5|0.1875|0.75|0.375|1.5|t2|35|4|97
birdstrikes1|0.2|1|0.2|1.0|0.8|4.0|0.4|0.16|0.8|0.4|2.0|t3|6|5|01
birdstrikes1|0.1111111111111111|1|0.1111111111111111|1.0|0.8888888888888888|8.0|0.2222222222222222|0.09876543209876543|0.8888888888888888|0.4444444444444444|4.0|t3|25|9|05
birdstrikes1|0.5|3|0.5|3.0|0.5|3.0|0.6250000000000001|0.1388888888888889|0.8333333333333334|0.2222222222222222|1.3333333333333333|t3|20|6|09
birdstrikes1|0.16666666666666666|2|0.16666666666666666|2.0|0.5833333333333334|7.0|0.21999999999999997|0.0763888888888889|0.9166666666666666|0.3472222222222222|4.166666666666667|t3|40|12|109
birdstrikes1|0.375|3|0.375|3.0|0.5|4.0|0.5|0.109375|0.875|0.21875|1.75|t3|21|8|13
birdstrikes1|0.36363636363636365|4|0.2727272727272727|3.0|0.6363636363636364|7.0|0.27027027027027023|0.08264462809917356|0.9090909090909091|0.30578512396694213|3.3636363636363638|t3|23|11|25
birdstrikes1|0.3333333333333333|2|0.3333333333333333|2.0|0.6666666666666666|4.0|0.38461538461538464|0.1388888888888889|0.8333333333333334|0.3611111111111111|2.1666666666666665|t3|17|6|29
birdstrikes1|0.2|1|0.2|1.0|0.8|4.0|0.4|0.16|0.8|0.4|2.0|t3|35|5|33
birdstrikes1|0.3333333333333333|2|0.3333333333333333|2.0|0.6666666666666666|4.0|0.35714285714285715|0.1388888888888889|0.8333333333333334|0.3888888888888889|2.3333333333333335|t3|11|6|37
birdstrikes1|0.2857142857142857|2|0.2857142857142857|2.0|0.7142857142857143|5.0|0.3|0.12244897959183673|0.8571428571428571|0.40816326530612246|2.857142857142857|t3|16|7|53
birdstrikes1|0.25|1|0.25|1.0|0.75|3.0|0.5|0.1875|0.75|0.375|1.5|t3|14|4|57
birdstrikes1|0.2857142857142857|2|0.2857142857142857|2.0|0.7142857142857143|5.0|0.3333333333333333|0.12244897959183673|0.8571428571428571|0.3673469387755102|2.5714285714285716|t3|27|7|61
birdstrikes1|0.2222222222222222|2|0.2222222222222222|2.0|0.4444444444444444|4.0|0.39999999999999997|0.09876543209876543|0.8888888888888888|0.24691358024691357|2.2222222222222223|t3|19|9|73
birdstrikes1|0.3|3|0.2|2.0|0.3|3.0|0.5294117647058824|0.09|0.9|0.17|1.7|t3|37|10|77
birdstrikes1|0.2|1|0.2|1.0|0.8|4.0|0.4|0.16|0.8|0.4|2.0|t3|10|5|81
birdstrikes1|0.375|3|0.25|2.0|0.5|4.0|0.4666666666666667|0.109375|0.875|0.234375|1.875|t3|13|8|85
birdstrikes1|0.4|2|0.4|2.0|0.6|3.0|0.4444444444444445|0.16|0.8|0.36|1.8|t3|23|5|97
birdstrikes1|0.1111111111111111|2|0.1111111111111111|2.0|0.7777777777777778|14.0|0.1317829457364341|0.05246913580246913|0.9444444444444444|0.39814814814814814|7.166666666666667|t4|24|18|01
birdstrikes1|0.35714285714285715|5|0.21428571428571427|3.0|0.6428571428571429|9.0|0.21311475409836067|0.0663265306122449|0.9285714285714286|0.3112244897959184|4.357142857142857|t4|37|14|05
birdstrikes1|0.2857142857142857|4|0.2857142857142857|4.0|0.2857142857142857|4.0|0.4642857142857143|0.0663265306122449|0.9285714285714286|0.14285714285714285|2.0|t4|38|14|09
birdstrikes1|0.5|3|0.5|3.0|0.5|3.0|0.4166666666666667|0.1388888888888889|0.8333333333333334|0.3333333333333333|2.0|t4|23|6|109
birdstrikes1|0.4166666666666667|5|0.4166666666666667|5.0|0.25|3.0|0.611111111111111|0.0763888888888889|0.9166666666666666|0.125|1.5|t4|21|12|13
birdstrikes1|0.05555555555555555|1|0.05555555555555555|1.0|0.9444444444444444|17.0|0.1111111111111111|0.05246913580246913|0.9444444444444444|0.4722222222222222|8.5|t4|39|18|25
birdstrikes1|0.5|6|0.4166666666666667|5.0|0.5|6.0|0.23913043478260868|0.0763888888888889|0.9166666666666666|0.3194444444444444|3.8333333333333335|t4|28|12|29
birdstrikes1|0.3333333333333333|4|0.3333333333333333|4.0|0.3333333333333333|4.0|0.5|0.0763888888888889|0.9166666666666666|0.1527777777777778|1.8333333333333333|t4|44|12|33
birdstrikes1|0.18518518518518517|5|0.1111111111111111|3.0|0.7407407407407407|20.0|0.11016949152542373|0.03566529492455418|0.9629629629629629|0.32373113854595337|8.74074074074074|t4|41|27|37
birdstrikes1|0.1875|3|0.125|2.0|0.6875|11.0|0.15306122448979592|0.05859375|0.9375|0.3828125|6.125|t4|24|16|53
birdstrikes1|0.3076923076923077|4|0.15384615384615385|2.0|0.46153846153846156|6.0|0.2857142857142857|0.07100591715976332|0.9230769230769231|0.2485207100591716|3.230769230769231|t4|31|13|57
birdstrikes1|0.5|1|0.5|1.0|0.5|1.0|1.0|0.25|0.5|0.25|0.5|t4|14|2|61
birdstrikes1|0.13636363636363635|3|0.09090909090909091|2.0|0.5909090909090909|13.0|0.12883435582822086|0.04338842975206612|0.9545454545454546|0.3367768595041322|7.409090909090909|t4|36|22|73
birdstrikes1|0.5|5|0.5|5.0|0.3|3.0|0.4736842105263158|0.09|0.9|0.19|1.9|t4|40|10|77
birdstrikes1|0.3|3|0.3|3.0|0.4|4.0|0.4736842105263158|0.09|0.9|0.19|1.9|t4|22|10|81
birdstrikes1|0.2727272727272727|3|0.2727272727272727|3.0|0.5454545454545454|6.0|0.37037037037037035|0.08264462809917356|0.9090909090909091|0.2231404958677686|2.4545454545454546|t4|31|11|85
birdstrikes1|0.16666666666666666|2|0.16666666666666666|2.0|0.8333333333333334|10.0|0.1896551724137931|0.0763888888888889|0.9166666666666666|0.4027777777777778|4.833333333333333|t4|26|12|97
weather1|0.2222222222222222|2|0.2222222222222222|2.0|0.6666666666666666|6.0|0.25|0.09876543209876543|0.8888888888888888|0.3950617283950617|3.5555555555555554|t1|17|9|01
weather1|0.3|3|0.2|2.0|0.7|7.0|0.2647058823529412|0.09|0.9|0.34|3.4|t1|37|10|05
weather1|0.5|4|0.375|3.0|0.5|4.0|0.5384615384615384|0.109375|0.875|0.203125|1.625|t1|13|8|113
weather1|0.25|3|0.16666666666666666|2.0|0.4166666666666667|5.0|0.34375|0.0763888888888889|0.9166666666666666|0.2222222222222222|2.6666666666666665|t1|25|12|117
weather1|0.16666666666666666|1|0.16666666666666666|1.0|0.8333333333333334|5.0|0.33333333333333337|0.1388888888888889|0.8333333333333334|0.4166666666666667|2.5|t1|12|6|21
weather1|0.2857142857142857|2|0.2857142857142857|2.0|0.7142857142857143|5.0|0.3157894736842105|0.12244897959183673|0.8571428571428571|0.3877551020408163|2.7142857142857144|t1|13|7|25
weather1|1.0|1|0.0|0.0|0.0|0.0|0|0.0|0.0|0.0|0.0|t1|3|1|29
weather1|0.2|3|0.13333333333333333|2.0|0.4666666666666667|7.0|0.2545454545454546|0.06222222222222222|0.9333333333333333|0.24444444444444444|3.6666666666666665|t1|28|15|41
weather1|0.2727272727272727|3|0.18181818181818182|2.0|0.6363636363636364|7.0|0.27777777777777773|0.08264462809917356|0.9090909090909091|0.2975206611570248|3.272727272727273|t1|16|11|45
weather1|0.15384615384615385|2|0.15384615384615385|2.0|0.6153846153846154|8.0|0.19672131147540983|0.07100591715976332|0.9230769230769231|0.3609467455621302|4.6923076923076925|t1|32|13|53
weather1|0.16666666666666666|1|0.16666666666666666|1.0|0.8333333333333334|5.0|0.33333333333333337|0.1388888888888889|0.8333333333333334|0.4166666666666667|2.5|t1|9|6|65
weather1|0.25|3|0.25|3.0|0.5833333333333334|7.0|0.23404255319148937|0.0763888888888889|0.9166666666666666|0.3263888888888889|3.9166666666666665|t1|19|12|69
weather1|0.09090909090909091|1|0.09090909090909091|1.0|0.9090909090909091|10.0|0.18181818181818182|0.08264462809917356|0.9090909090909091|0.45454545454545453|5.0|t1|21|11|73
weather1|0.5|1|0.5|1.0|0.5|1.0|1.0|0.25|0.5|0.25|0.5|t1|2|2|77
weather1|0.14285714285714285|1|0.14285714285714285|1.0|0.8571428571428571|6.0|0.2857142857142857|0.12244897959183673|0.8571428571428571|0.42857142857142855|3.0|t1|16|7|93
weather1|0.2|1|0.2|1.0|0.8|4.0|0.4|0.16|0.8|0.4|2.0|t1|9|5|97
weather1|0.16666666666666666|1|0.16666666666666666|1.0|0.8333333333333334|5.0|0.33333333333333337|0.1388888888888889|0.8333333333333334|0.4166666666666667|2.5|t2|25|6|01
weather1|0.16666666666666666|1|0.16666666666666666|1.0|0.8333333333333334|5.0|0.33333333333333337|0.1388888888888889|0.8333333333333334|0.4166666666666667|2.5|t2|28|6|05
weather1|0.6|3|0.4|2.0|0.4|2.0|0.6666666666666667|0.16|0.8|0.24|1.2|t2|22|5|113
weather1|0.14285714285714285|1|0.14285714285714285|1.0|0.8571428571428571|6.0|0.2857142857142857|0.12244897959183673|0.8571428571428571|0.42857142857142855|3.0|t2|21|7|117
weather1|0.25|1|0.25|1.0|0.75|3.0|0.5|0.1875|0.75|0.375|1.5|t2|16|4|21
weather1|0.25|1|0.25|1.0|0.75|3.0|0.5|0.1875|0.75|0.375|1.5|t2|7|4|25
weather1|0.3333333333333333|1|0.3333333333333333|1.0|0.6666666666666666|2.0|0.6666666666666666|0.2222222222222222|0.6666666666666666|0.3333333333333333|1.0|t2|11|3|29
weather1|0.2|1|0.2|1.0|0.8|4.0|0.4|0.16|0.8|0.4|2.0|t2|18|5|41
weather1|0.25|1|0.25|1.0|0.75|3.0|0.5|0.1875|0.75|0.375|1.5|t2|8|4|45
weather1|0.3333333333333333|2|0.3333333333333333|2.0|0.6666666666666666|4.0|0.4166666666666667|0.1388888888888889|0.8333333333333334|0.3333333333333333|2.0|t2|30|6|53
weather1|0.25|1|0.25|1.0|0.75|3.0|0.5|0.1875|0.75|0.375|1.5|t2|7|4|65
weather1|0.25|2|0.25|2.0|0.5|4.0|0.3684210526315789|0.109375|0.875|0.296875|2.375|t2|23|8|69
weather1|0.16666666666666666|1|0.16666666666666666|1.0|0.8333333333333334|5.0|0.33333333333333337|0.1388888888888889|0.8333333333333334|0.4166666666666667|2.5|t2|28|6|73
weather1|0.3333333333333333|1|0.3333333333333333|1.0|0.6666666666666666|2.0|0.6666666666666666|0.2222222222222222|0.6666666666666666|0.3333333333333333|1.0|t2|15|3|77
weather1|0.5|2|0.5|2.0|0.5|2.0|0.6|0.1875|0.75|0.3125|1.25|t2|16|4|93
weather1|0.25|1|0.25|1.0|0.75|3.0|0.5|0.1875|0.75|0.375|1.5|t2|15|4|97
weather1|0.5|3|0.5|3.0|0.3333333333333333|2.0|0.7142857142857143|0.1388888888888889|0.8333333333333334|0.19444444444444445|1.1666666666666667|t3|13|6|01
weather1|0.25|1|0.25|1.0|0.75|3.0|0.5|0.1875|0.75|0.375|1.5|t3|16|4|05
weather1|0.2|1|0.2|1.0|0.8|4.0|0.4|0.16|0.8|0.4|2.0|t3|23|5|113
weather1|0.42857142857142855|3|0.42857142857142855|3.0|0.42857142857142855|3.0|0.6|0.12244897959183673|0.8571428571428571|0.20408163265306123|1.4285714285714286|t3|28|7|117
weather1|0.3333333333333333|1|0.3333333333333333|1.0|0.6666666666666666|2.0|0.6666666666666666|0.2222222222222222|0.6666666666666666|0.3333333333333333|1.0|t3|4|3|21
weather1|0.25|1|0.25|1.0|0.75|3.0|0.5|0.1875|0.75|0.375|1.5|t3|13|4|25
weather1|0.25|1|0.25|1.0|0.75|3.0|0.5|0.1875|0.75|0.375|1.5|t3|23|4|29
weather1|0.6666666666666666|2|0.6666666666666666|2.0|0.3333333333333333|1.0|1.0|0.2222222222222222|0.6666666666666666|0.2222222222222222|0.6666666666666666|t3|15|3|41
weather1|0.3333333333333333|1|0.3333333333333333|1.0|0.6666666666666666|2.0|0.6666666666666666|0.2222222222222222|0.6666666666666666|0.3333333333333333|1.0|t3|3|3|45
weather1|0.2857142857142857|2|0.2857142857142857|2.0|0.42857142857142855|3.0|0.5|0.12244897959183673|0.8571428571428571|0.24489795918367346|1.7142857142857142|t3|25|7|53
weather1|0.25|1|0.25|1.0|0.75|3.0|0.5|0.1875|0.75|0.375|1.5|t3|6|4|65
weather1|0.25|2|0.25|2.0|0.75|6.0|0.28|0.109375|0.875|0.390625|3.125|t3|20|8|69
weather1|0.2|1|0.2|1.0|0.8|4.0|0.4|0.16|0.8|0.4|2.0|t3|20|5|73
weather1|0.6|3|0.6|3.0|0.4|2.0|0.8|0.16|0.8|0.2|1.0|t3|18|5|77
weather1|0.4|2|0.4|2.0|0.4|2.0|0.6666666666666667|0.16|0.8|0.24|1.2|t3|16|5|93
weather1|0.5|3|0.5|3.0|0.5|3.0|0.6250000000000001|0.1388888888888889|0.8333333333333334|0.2222222222222222|1.3333333333333333|t3|32|6|97
weather1|0.16666666666666666|2|0.16666666666666666|2.0|0.75|9.0|0.18333333333333332|0.0763888888888889|0.9166666666666666|0.4166666666666667|5.0|t4|47|12|01
weather1|0.23076923076923078|3|0.15384615384615385|2.0|0.5384615384615384|7.0|0.3076923076923077|0.07100591715976332|0.9230769230769231|0.23076923076923078|3.0|t4|37|13|05
weather1|0.16666666666666666|1|0.16666666666666666|1.0|0.8333333333333334|5.0|0.33333333333333337|0.1388888888888889|0.8333333333333334|0.4166666666666667|2.5|t4|23|6|113
weather1|0.3|3|0.2|2.0|0.7|7.0|0.2368421052631579|0.09|0.9|0.38|3.8|t4|30|10|117
weather1|0.16129032258064516|5|0.0967741935483871|3.0|0.7096774193548387|22.0|0.08426966292134831|0.031217481789802288|0.967741935483871|0.3704474505723205|11.483870967741936|t4|43|31|21
weather1|0.3|3|0.2|2.0|0.6|6.0|0.3333333333333333|0.09|0.9|0.27|2.7|t4|34|10|25
weather1|0.2|1|0.2|1.0|0.8|4.0|0.4|0.16|0.8|0.4|2.0|t4|27|5|29
weather1|0.3333333333333333|3|0.3333333333333333|3.0|0.4444444444444444|4.0|0.47058823529411764|0.09876543209876543|0.8888888888888888|0.20987654320987653|1.8888888888888888|t4|40|9|41
weather1|0.25|4|0.1875|3.0|0.5|8.0|0.2054794520547945|0.05859375|0.9375|0.28515625|4.5625|t4|40|16|45
weather1|0.23076923076923078|3|0.15384615384615385|2.0|0.6923076923076923|9.0|0.22641509433962267|0.07100591715976332|0.9230769230769231|0.3136094674556213|4.076923076923077|t4|36|13|53
weather1|0.07692307692307693|1|0.07692307692307693|1.0|0.9230769230769231|12.0|0.15384615384615385|0.07100591715976332|0.9230769230769231|0.46153846153846156|6.0|t4|24|13|65
weather1|0.3333333333333333|3|0.3333333333333333|3.0|0.6666666666666666|6.0|0.27586206896551724|0.09876543209876543|0.8888888888888888|0.35802469135802467|3.2222222222222223|t4|41|9|69
weather1|0.08333333333333333|1|0.08333333333333333|1.0|0.9166666666666666|11.0|0.16666666666666666|0.0763888888888889|0.9166666666666666|0.4583333333333333|5.5|t4|34|12|73
weather1|0.16666666666666666|1|0.16666666666666666|1.0|0.8333333333333334|5.0|0.33333333333333337|0.1388888888888889|0.8333333333333334|0.4166666666666667|2.5|t4|17|6|77
weather1|0.16666666666666666|2|0.16666666666666666|2.0|0.5833333333333334|7.0|0.21999999999999997|0.0763888888888889|0.9166666666666666|0.3472222222222222|4.166666666666667|t4|22|12|93
weather1|0.3076923076923077|4|0.3076923076923077|4.0|0.6923076923076923|9.0|0.16666666666666669|0.07100591715976332|0.9230769230769231|0.4260355029585799|5.538461538461538|t4|31|13|97
faa1|0.2|1|0.2|1.0|0.8|4.0|0.4|0.16|0.8|0.4|2.0|t1|19|5|09
faa1|0.21428571428571427|3|0.21428571428571427|3.0|0.35714285714285715|5.0|0.3823529411764706|0.0663265306122449|0.9285714285714286|0.17346938775510204|2.4285714285714284|t1|22|14|109
faa1|0.36363636363636365|4|0.18181818181818182|2.0|0.45454545454545453|5.0|0.2857142857142857|0.08264462809917356|0.9090909090909091|0.2892561983471074|3.1818181818181817|t1|14|11|13
faa1|0.2|1|0.2|1.0|0.8|4.0|0.4|0.16|0.8|0.4|2.0|t1|13|5|21
faa1|0.2857142857142857|2|0.2857142857142857|2.0|0.7142857142857143|5.0|0.375|0.12244897959183673|0.8571428571428571|0.32653061224489793|2.2857142857142856|t1|22|7|33
faa1|0.09090909090909091|1|0.09090909090909091|1.0|0.9090909090909091|10.0|0.18181818181818182|0.08264462809917356|0.9090909090909091|0.45454545454545453|5.0|t1|23|11|37
faa1|0.4|2|0.4|2.0|0.6|3.0|0.5|0.16|0.8|0.32|1.6|t1|20|5|41
faa1|0.8|4|0.8|4.0|0.2|1.0|1.0|0.16|0.8|0.16|0.8|t1|16|5|45
faa1|0.2|1|0.2|1.0|0.8|4.0|0.4|0.16|0.8|0.4|2.0|t1|19|5|57
faa1|0.2|1|0.2|1.0|0.8|4.0|0.4|0.16|0.8|0.4|2.0|t1|21|5|65
faa1|0.25|3|0.16666666666666666|2.0|0.75|9.0|0.22916666666666666|0.0763888888888889|0.9166666666666666|0.3333333333333333|4.0|t1|27|12|69
faa1|0.16666666666666666|2|0.16666666666666666|2.0|0.4166666666666667|5.0|0.3548387096774193|0.0763888888888889|0.9166666666666666|0.2152777777777778|2.5833333333333335|t1|19|12|81
faa1|0.3333333333333333|1|0.3333333333333333|1.0|0.6666666666666666|2.0|0.6666666666666666|0.2222222222222222|0.6666666666666666|0.3333333333333333|1.0|t1|7|3|85
faa1|0.5|4|0.25|2.0|0.5|4.0|0.4375|0.109375|0.875|0.25|2.0|t1|26|8|89
faa1|0.35714285714285715|5|0.35714285714285715|5.0|0.35714285714285715|5.0|0.3939393939393939|0.0663265306122449|0.9285714285714286|0.1683673469387755|2.357142857142857|t1|27|14|93
faa1|0.25|1|0.25|1.0|0.75|3.0|0.5|0.1875|0.75|0.375|1.5|t2|32|4|09
faa1|0.25|1|0.25|1.0|0.75|3.0|0.5|0.1875|0.75|0.375|1.5|t2|14|4|109
faa1|0.3333333333333333|1|0.3333333333333333|1.0|0.6666666666666666|2.0|0.6666666666666666|0.2222222222222222|0.6666666666666666|0.3333333333333333|1.0|t2|11|3|13
faa1|0.25|1|0.25|1.0|0.75|3.0|0.5|0.1875|0.75|0.375|1.5|t2|30|4|21
faa1|0.25|1|0.25|1.0|0.75|3.0|0.5|0.1875|0.75|0.375|1.5|t2|22|4|33
faa1|0.25|1|0.25|1.0|0.75|3.0|0.5|0.1875|0.75|0.375|1.5|t2|13|4|37
faa1|0.25|1|0.25|1.0|0.75|3.0|0.5|0.1875|0.75|0.375|1.5|t2|12|4|41
faa1|0.25|1|0.25|1.0|0.75|3.0|0.5|0.1875|0.75|0.375|1.5|t2|17|4|45
faa1|0.25|1|0.25|1.0|0.75|3.0|0.5|0.1875|0.75|0.375|1.5|t2|18|4|57
faa1|0.25|1|0.25|1.0|0.75|3.0|0.5|0.1875|0.75|0.375|1.5|t2|5|4|65
faa1|0.2|1|0.2|1.0|0.8|4.0|0.4|0.16|0.8|0.4|2.0|t2|35|5|69
faa1|0.25|1|0.25|1.0|0.75|3.0|0.5|0.1875|0.75|0.375|1.5|t2|4|4|81
faa1|0.25|1|0.25|1.0|0.75|3.0|0.5|0.1875|0.75|0.375|1.5|t2|10|4|85
faa1|0.25|1|0.25|1.0|0.75|3.0|0.5|0.1875|0.75|0.375|1.5|t2|7|4|89
faa1|0.3333333333333333|1|0.3333333333333333|1.0|0.6666666666666666|2.0|0.6666666666666666|0.2222222222222222|0.6666666666666666|0.3333333333333333|1.0|t2|20|3|93
faa1|0.3333333333333333|1|0.3333333333333333|1.0|0.6666666666666666|2.0|0.6666666666666666|0.2222222222222222|0.6666666666666666|0.3333333333333333|1.0|t3|9|3|09
faa1|0.16666666666666666|1|0.16666666666666666|1.0|0.8333333333333334|5.0|0.33333333333333337|0.1388888888888889|0.8333333333333334|0.4166666666666667|2.5|t3|27|6|109
faa1|0.6|3|0.4|2.0|0.4|2.0|0.6666666666666667|0.16|0.8|0.24|1.2|t3|10|5|13
faa1|0.5|2|0.5|2.0|0.5|2.0|0.6|0.1875|0.75|0.3125|1.25|t3|10|4|21
faa1|0.25|1|0.25|1.0|0.75|3.0|0.5|0.1875|0.75|0.375|1.5|t3|10|4|33
faa1|0.09090909090909091|1|0.09090909090909091|1.0|0.9090909090909091|10.0|0.18181818181818182|0.08264462809917356|0.9090909090909091|0.45454545454545453|5.0|t3|23|11|37
faa1|0.2|1|0.2|1.0|0.8|4.0|0.4|0.16|0.8|0.4|2.0|t3|12|5|41
faa1|0.3333333333333333|1|0.3333333333333333|1.0|0.6666666666666666|2.0|0.6666666666666666|0.2222222222222222|0.6666666666666666|0.3333333333333333|1.0|t3|6|3|45
faa1|0.3333333333333333|2|0.3333333333333333|2.0|0.5|3.0|0.5555555555555556|0.1388888888888889|0.8333333333333334|0.25|1.5|t3|13|6|57
faa1|0.25|1|0.25|1.0|0.75|3.0|0.5|0.1875|0.75|0.375|1.5|t3|6|4|65
faa1|0.36363636363636365|4|0.36363636363636365|4.0|0.2727272727272727|3.0|0.5263157894736842|0.08264462809917356|0.9090909090909091|0.15702479338842976|1.7272727272727273|t3|34|11|69
faa1|0.3333333333333333|1|0.3333333333333333|1.0|0.6666666666666666|2.0|0.6666666666666666|0.2222222222222222|0.6666666666666666|0.3333333333333333|1.0|t3|24|3|81
faa1|0.6666666666666666|2|0.6666666666666666|2.0|0.3333333333333333|1.0|1.0|0.2222222222222222|0.6666666666666666|0.2222222222222222|0.6666666666666666|t3|20|3|85
faa1|0.25|1|0.25|1.0|0.75|3.0|0.5|0.1875|0.75|0.375|1.5|t3|15|4|89
faa1|0.25|1|0.25|1.0|0.75|3.0|0.5|0.1875|0.75|0.375|1.5|t3|11|4|93
faa1|0.38095238095238093|8|0.19047619047619047|4.0|0.23809523809523808|5.0|0.37037037037037035|0.045351473922902494|0.9523809523809523|0.12244897959183673|2.5714285714285716|t4|40|21|09
faa1|0.18181818181818182|2|0.18181818181818182|2.0|0.6363636363636364|7.0|0.21739130434782608|0.08264462809917356|0.9090909090909091|0.38016528925619836|4.181818181818182|t4|33|11|109
faa1|0.16666666666666666|1|0.16666666666666666|1.0|0.8333333333333334|5.0|0.33333333333333337|0.1388888888888889|0.8333333333333334|0.4166666666666667|2.5|t4|15|6|13
faa1|0.25|1|0.25|1.0|0.75|3.0|0.5|0.1875|0.75|0.375|1.5|t4|36|4|21
faa1|0.21428571428571427|3|0.21428571428571427|3.0|0.42857142857142855|6.0|0.26|0.0663265306122449|0.9285714285714286|0.25510204081632654|3.5714285714285716|t4|30|14|33
faa1|0.2608695652173913|6|0.13043478260869565|3.0|0.4782608695652174|11.0|0.205607476635514|0.04158790170132325|0.9565217391304348|0.20226843100189035|4.6521739130434785|t4|43|23|37
faa1|0.16666666666666666|1|0.16666666666666666|1.0|0.8333333333333334|5.0|0.33333333333333337|0.1388888888888889|0.8333333333333334|0.4166666666666667|2.5|t4|12|6|41
faa1|0.3333333333333333|1|0.3333333333333333|1.0|0.6666666666666666|2.0|0.6666666666666666|0.2222222222222222|0.6666666666666666|0.3333333333333333|1.0|t4|11|3|45
faa1|0.23529411764705882|4|0.17647058823529413|3.0|0.4117647058823529|7.0|0.2711864406779661|0.05536332179930796|0.9411764705882353|0.2041522491349481|3.4705882352941178|t4|33|17|57
faa1|0.3333333333333333|1|0.3333333333333333|1.0|0.6666666666666666|2.0|0.6666666666666666|0.2222222222222222|0.6666666666666666|0.3333333333333333|1.0|t4|7|3|65
faa1|0.3684210526315789|7|0.10526315789473684|2.0|0.5263157894736842|10.0|0.16071428571428573|0.04986149584487535|0.9473684210526315|0.31024930747922436|5.894736842105263|t4|43|19|69
faa1|0.2857142857142857|4|0.21428571428571427|3.0|0.7142857142857143|10.0|0.19999999999999998|0.0663265306122449|0.9285714285714286|0.33163265306122447|4.642857142857143|t4|28|14|81
faa1|0.14285714285714285|1|0.14285714285714285|1.0|0.8571428571428571|6.0|0.2857142857142857|0.12244897959183673|0.8571428571428571|0.42857142857142855|3.0|t4|7|7|85
faa1|0.2|2|0.2|2.0|0.7|7.0|0.23076923076923078|0.09|0.9|0.39|3.9|t4|38|10|89
faa1|0.375|3|0.25|2.0|0.375|3.0|0.5|0.109375|0.875|0.21875|1.75|t4|28|8|93
